Date,Month,Year,Gold NAV
3,1,2000,103.20
4,1,2000,100.20
5,1,2000,99.80
6,1,2000,99.40
7,1,2000,100.40
10,1,2000,100.20
11,1,2000,100.50
12,1,2000,100.40
13,1,2000,100.40
14,1,2000,100.80
17,1,2000,101.60
18,1,2000,101.80
19,1,2000,102.50
20,1,2000,102.60
21,1,2000,102.50
24,1,2000,102.40
25,1,2000,102.60
26,1,2000,101.90
27,1,2000,101.70
28,1,2000,102.20
31,1,2000,101.10
1,2,2000,100.90
2,2,2000,101.80
3,2,2000,101.60
4,2,2000,104.70
7,2,2000,111.50
8,2,2000,105.70
9,2,2000,110.00
10,2,2000,110.10
11,2,2000,111.10
14,2,2000,110.00
15,2,2000,108.50
16,2,2000,107.80
17,2,2000,108.70
18,2,2000,108.20
21,2,2000,108.80
22,2,2000,107.80
23,2,2000,107.70
24,2,2000,106.50
25,2,2000,104.90
28,2,2000,104.30
29,2,2000,104.70
1,3,2000,104.40
2,3,2000,103.30
3,3,2000,102.80
6,3,2000,102.90
7,3,2000,103.20
8,3,2000,103.70
9,3,2000,103.50
10,3,2000,103.40
13,3,2000,103.60
14,3,2000,102.90
15,3,2000,103.00
16,3,2000,102.40
17,3,2000,101.10
20,3,2000,101.80
21,3,2000,101.60
22,3,2000,102.60
23,3,2000,101.50
24,3,2000,101.60
27,3,2000,101.30
28,3,2000,100.10
29,3,2000,99.70
30,3,2000,98.30
31,3,2000,98.70
3,4,2000,99.00
4,4,2000,98.80
5,4,2000,100.30
6,4,2000,99.60
7,4,2000,99.90
10,4,2000,100.70
11,4,2000,100.80
12,4,2000,100.00
13,4,2000,100.40
14,4,2000,100.70
17,4,2000,100.60
18,4,2000,100.30
19,4,2000,100.40
20,4,2000,99.90
21,4,2000,99.90
24,4,2000,99.90
25,4,2000,99.80
26,4,2000,98.60
27,4,2000,98.50
28,4,2000,98.20
1,5,2000,98.20
2,5,2000,98.30
3,5,2000,98.40
4,5,2000,99.90
5,5,2000,100.20
8,5,2000,99.20
9,5,2000,98.70
10,5,2000,100.00
11,5,2000,99.30
12,5,2000,99.40
15,5,2000,98.90
16,5,2000,99.20
17,5,2000,98.20
18,5,2000,98.10
19,5,2000,98.20
22,5,2000,98.50
23,5,2000,98.60
24,5,2000,98.80
25,5,2000,98.70
26,5,2000,98.40
29,5,2000,98.70
30,5,2000,99.50
31,5,2000,99.20
1,6,2000,99.30
2,6,2000,102.80
5,6,2000,103.50
6,6,2000,105.40
7,6,2000,103.90
8,6,2000,104.60
9,6,2000,104.10
12,6,2000,104.20
13,6,2000,106.60
14,6,2000,105.00
15,6,2000,105.00
16,6,2000,106.00
19,6,2000,104.40
20,6,2000,104.50
21,6,2000,104.40
22,6,2000,105.00
23,6,2000,104.40
26,6,2000,103.70
27,6,2000,103.60
28,6,2000,105.20
29,6,2000,105.80
30,6,2000,105.30
3,7,2000,105.10
4,7,2000,104.60
5,7,2000,104.80
6,7,2000,104.30
7,7,2000,103.40
10,7,2000,103.80
11,7,2000,103.30
12,7,2000,102.30
13,7,2000,102.70
14,7,2000,102.40
17,7,2000,103.30
18,7,2000,103.40
19,7,2000,102.20
20,7,2000,102.60
21,7,2000,102.80
24,7,2000,102.40
25,7,2000,102.70
26,7,2000,102.50
27,7,2000,102.70
28,7,2000,102.00
31,7,2000,101.90
1,8,2000,102.50
2,8,2000,102.90
3,8,2000,102.20
4,8,2000,101.80
7,8,2000,101.80
8,8,2000,102.10
9,8,2000,101.50
10,8,2000,102.10
11,8,2000,102.10
14,8,2000,103.00
15,8,2000,102.50
16,8,2000,103.20
17,8,2000,104.00
18,8,2000,103.20
21,8,2000,102.50
22,8,2000,102.10
23,8,2000,102.30
24,8,2000,102.30
25,8,2000,102.60
28,8,2000,102.40
29,8,2000,102.60
30,8,2000,102.40
31,8,2000,103.70
1,9,2000,103.60
4,9,2000,103.40
5,9,2000,102.80
6,9,2000,102.30
7,9,2000,101.70
8,9,2000,101.80
11,9,2000,101.60
12,9,2000,102.40
13,9,2000,101.70
14,9,2000,102.00
15,9,2000,102.00
18,9,2000,102.70
19,9,2000,103.10
20,9,2000,102.50
21,9,2000,101.80
22,9,2000,103.50
25,9,2000,102.70
26,9,2000,103.50
27,9,2000,104.10
28,9,2000,104.20
29,9,2000,103.00
2,10,2000,102.80
3,10,2000,102.40
4,10,2000,102.20
5,10,2000,101.90
6,10,2000,101.80
9,10,2000,101.70
10,10,2000,102.20
11,10,2000,103.20
12,10,2000,103.70
13,10,2000,103.60
16,10,2000,102.90
17,10,2000,102.30
18,10,2000,103.00
19,10,2000,102.40
20,10,2000,102.50
23,10,2000,102.90
24,10,2000,102.60
25,10,2000,101.80
26,10,2000,101.60
27,10,2000,100.80
30,10,2000,101.00
31,10,2000,101.30
1,11,2000,101.50
2,11,2000,101.20
3,11,2000,100.80
6,11,2000,101.30
7,11,2000,101.30
8,11,2000,100.80
9,11,2000,101.10
10,11,2000,101.20
13,11,2000,101.30
14,11,2000,101.40
15,11,2000,101.10
16,11,2000,102.10
17,11,2000,101.40
20,11,2000,101.80
21,11,2000,101.80
22,11,2000,101.90
23,11,2000,101.70
24,11,2000,101.80
27,11,2000,102.80
28,11,2000,103.50
29,11,2000,103.10
30,11,2000,103.10
1,12,2000,103.10
4,12,2000,103.60
5,12,2000,103.50
6,12,2000,103.80
7,12,2000,104.70
8,12,2000,104.40
11,12,2000,103.50
12,12,2000,103.50
13,12,2000,103.10
14,12,2000,103.00
15,12,2000,103.40
18,12,2000,103.30
19,12,2000,102.90
20,12,2000,104.10
21,12,2000,104.30
22,12,2000,104.20
25,12,2000,104.20
26,12,2000,104.20
27,12,2000,105.00
28,12,2000,104.80
29,12,2000,104.80
1,1,2001,104.80
2,1,2001,103.50
3,1,2001,102.00
4,1,2001,102.10
5,1,2001,102.10
8,1,2001,102.40
9,1,2001,101.80
10,1,2001,101.50
11,1,2001,100.70
12,1,2001,100.40
15,1,2001,100.30
16,1,2001,100.50
17,1,2001,100.10
18,1,2001,100.50
19,1,2001,100.50
22,1,2001,100.90
23,1,2001,100.80
24,1,2001,100.20
25,1,2001,100.70
26,1,2001,100.20
29,1,2001,99.90
30,1,2001,100.60
31,1,2001,100.30
1,2,2001,101.50
2,2,2001,101.20
5,2,2001,100.70
6,2,2001,99.60
7,2,2001,99.90
8,2,2001,99.80
9,2,2001,98.70
12,2,2001,99.30
13,2,2001,99.30
14,2,2001,99.20
15,2,2001,98.40
16,2,2001,98.00
19,2,2001,98.70
20,2,2001,97.60
21,2,2001,98.10
22,2,2001,98.50
23,2,2001,99.20
26,2,2001,100.30
27,2,2001,102.30
28,2,2001,101.50
1,3,2001,101.40
2,3,2001,100.10
5,3,2001,99.90
6,3,2001,99.50
7,3,2001,99.20
8,3,2001,100.30
9,3,2001,102.70
12,3,2001,103.80
13,3,2001,102.70
14,3,2001,100.70
15,3,2001,99.90
16,3,2001,99.50
19,3,2001,99.50
20,3,2001,99.90
21,3,2001,100.00
22,3,2001,99.70
23,3,2001,100.30
26,3,2001,100.00
27,3,2001,99.90
28,3,2001,99.20
29,3,2001,99.20
30,3,2001,98.20
2,4,2001,97.60
3,4,2001,98.00
4,4,2001,98.80
5,4,2001,98.30
6,4,2001,98.50
9,4,2001,98.60
10,4,2001,97.70
11,4,2001,98.40
12,4,2001,99.30
13,4,2001,99.30
16,4,2001,99.70
17,4,2001,99.90
18,4,2001,99.20
19,4,2001,100.80
20,4,2001,101.00
23,4,2001,100.50
24,4,2001,100.90
25,4,2001,101.00
26,4,2001,101.00
27,4,2001,101.40
30,4,2001,100.80
1,5,2001,101.10
2,5,2001,101.00
3,5,2001,102.00
4,5,2001,102.10
7,5,2001,102.00
8,5,2001,101.50
9,5,2001,102.60
10,5,2001,102.80
11,5,2001,103.10
14,5,2001,102.90
15,5,2001,102.40
16,5,2001,104.00
17,5,2001,105.20
18,5,2001,104.80
21,5,2001,111.90
22,5,2001,109.20
23,5,2001,108.80
24,5,2001,109.80
25,5,2001,106.10
28,5,2001,106.10
29,5,2001,105.90
30,5,2001,104.10
31,5,2001,102.80
1,6,2001,102.00
4,6,2001,102.50
5,6,2001,102.10
6,6,2001,102.00
7,6,2001,102.20
8,6,2001,102.50
11,6,2001,103.10
12,6,2001,103.80
13,6,2001,104.60
14,6,2001,104.60
15,6,2001,104.60
18,6,2001,104.50
19,6,2001,105.00
20,6,2001,104.30
21,6,2001,104.40
22,6,2001,105.00
25,6,2001,104.90
26,6,2001,105.30
27,6,2001,105.60
28,6,2001,103.60
29,6,2001,104.10
2,7,2001,103.40
3,7,2001,103.40
4,7,2001,103.10
5,7,2001,102.60
6,7,2001,102.10
9,7,2001,102.60
10,7,2001,103.10
11,7,2001,103.10
12,7,2001,102.70
13,7,2001,102.70
16,7,2001,103.40
17,7,2001,103.10
18,7,2001,103.50
19,7,2001,104.10
20,7,2001,103.90
23,7,2001,103.50
24,7,2001,103.50
25,7,2001,103.50
26,7,2001,103.00
27,7,2001,102.60
30,7,2001,102.60
31,7,2001,102.50
1,8,2001,103.00
2,8,2001,102.80
3,8,2001,103.20
6,8,2001,102.90
7,8,2001,102.70
8,8,2001,102.70
9,8,2001,104.00
10,8,2001,106.30
13,8,2001,106.20
14,8,2001,105.80
15,8,2001,106.10
16,8,2001,106.30
17,8,2001,106.90
20,8,2001,106.60
21,8,2001,106.50
22,8,2001,106.30
23,8,2001,105.90
24,8,2001,105.10
27,8,2001,105.20
28,8,2001,104.50
29,8,2001,105.10
30,8,2001,104.90
31,8,2001,105.20
3,9,2001,105.40
4,9,2001,105.00
5,9,2001,104.60
6,9,2001,104.90
7,9,2001,105.70
10,9,2001,105.10
11,9,2001,111.30
12,9,2001,108.20
13,9,2001,108.90
14,9,2001,111.70
17,9,2001,114.70
18,9,2001,113.50
19,9,2001,113.10
20,9,2001,113.20
21,9,2001,114.90
24,9,2001,112.90
25,9,2001,112.70
26,9,2001,114.10
27,9,2001,113.40
28,9,2001,114.70
1,10,2001,114.00
2,10,2001,114.40
3,10,2001,113.60
4,10,2001,113.90
5,10,2001,114.30
8,10,2001,114.90
9,10,2001,114.10
10,10,2001,112.80
11,10,2001,110.70
12,10,2001,110.60
15,10,2001,110.70
16,10,2001,110.30
17,10,2001,110.50
18,10,2001,110.40
19,10,2001,109.60
22,10,2001,108.30
23,10,2001,108.30
24,10,2001,108.20
25,10,2001,108.60
26,10,2001,108.70
29,10,2001,109.30
30,10,2001,110.00
31,10,2001,109.40
1,11,2001,110.10
2,11,2001,109.80
5,11,2001,109.10
6,11,2001,109.50
7,11,2001,110.00
8,11,2001,109.90
9,11,2001,108.80
12,11,2001,109.90
13,11,2001,108.70
14,11,2001,109.30
15,11,2001,108.10
16,11,2001,107.70
19,11,2001,107.30
20,11,2001,107.10
21,11,2001,107.00
22,11,2001,107.10
23,11,2001,107.30
26,11,2001,107.00
27,11,2001,107.20
28,11,2001,107.70
29,11,2001,107.80
30,11,2001,108.00
3,12,2001,108.30
4,12,2001,108.30
5,12,2001,107.70
6,12,2001,107.40
7,12,2001,107.20
10,12,2001,106.60
11,12,2001,106.40
12,12,2001,106.90
13,12,2001,107.30
14,12,2001,108.40
17,12,2001,108.60
18,12,2001,109.00
19,12,2001,108.80
20,12,2001,107.90
21,12,2001,108.50
24,12,2001,108.70
25,12,2001,108.70
26,12,2001,109.00
27,12,2001,109.40
28,12,2001,109.10
31,12,2001,109.00
1,1,2002,109.00
2,1,2002,109.70
3,1,2002,109.90
4,1,2002,109.60
7,1,2002,109.90
8,1,2002,109.90
9,1,2002,110.90
10,1,2002,113.40
11,1,2002,113.10
14,1,2002,113.10
15,1,2002,112.10
16,1,2002,112.30
17,1,2002,112.50
18,1,2002,111.70
21,1,2002,111.30
22,1,2002,111.40
23,1,2002,110.70
24,1,2002,110.30
25,1,2002,110.30
28,1,2002,110.30
29,1,2002,109.90
30,1,2002,111.60
31,1,2002,112.00
1,2,2002,112.60
4,2,2002,114.20
5,2,2002,116.10
6,2,2002,119.20
7,2,2002,119.20
8,2,2002,121.00
11,2,2002,118.60
12,2,2002,118.90
13,2,2002,118.30
14,2,2002,119.00
15,2,2002,119.30
18,2,2002,118.30
19,2,2002,117.90
20,2,2002,115.70
21,2,2002,116.20
22,2,2002,116.70
25,2,2002,116.40
26,2,2002,117.20
27,2,2002,118.50
28,2,2002,118.30
1,3,2002,117.70
4,3,2002,118.40
5,3,2002,118.50
6,3,2002,116.50
7,3,2002,115.90
8,3,2002,115.30
11,3,2002,116.00
12,3,2002,117.00
13,3,2002,116.70
14,3,2002,116.00
15,3,2002,115.60
18,3,2002,116.30
19,3,2002,116.70
20,3,2002,116.20
21,3,2002,116.60
22,3,2002,117.30
25,3,2002,118.70
26,3,2002,118.00
27,3,2002,119.30
28,3,2002,120.20
29,3,2002,120.20
1,4,2002,120.20
2,4,2002,121.30
3,4,2002,121.40
4,4,2002,120.60
5,4,2002,120.10
8,4,2002,120.00
9,4,2002,119.40
10,4,2002,119.10
11,4,2002,120.40
12,4,2002,120.10
15,4,2002,120.00
16,4,2002,119.10
17,4,2002,120.30
18,4,2002,121.60
19,4,2002,120.60
22,4,2002,121.40
23,4,2002,121.20
24,4,2002,121.80
25,4,2002,123.00
26,4,2002,122.70
29,4,2002,124.00
30,4,2002,123.30
1,5,2002,123.40
2,5,2002,123.10
3,5,2002,124.30
6,5,2002,124.20
7,5,2002,124.90
8,5,2002,124.20
9,5,2002,123.60
10,5,2002,124.60
13,5,2002,124.50
14,5,2002,123.50
15,5,2002,123.50
16,5,2002,124.20
17,5,2002,124.40
20,5,2002,124.80
21,5,2002,126.20
22,5,2002,126.90
23,5,2002,127.10
24,5,2002,128.50
27,5,2002,128.10
28,5,2002,128.20
29,5,2002,130.90
30,5,2002,130.60
31,5,2002,130.90
3,6,2002,130.90
4,6,2002,130.90
5,6,2002,129.00
6,6,2002,129.80
7,6,2002,130.80
10,6,2002,129.10
11,6,2002,126.80
12,6,2002,128.00
13,6,2002,127.70
14,6,2002,129.00
17,6,2002,127.30
18,6,2002,127.40
19,6,2002,128.20
20,6,2002,128.90
21,6,2002,129.00
24,6,2002,130.40
25,6,2002,128.60
26,6,2002,128.40
27,6,2002,127.40
28,6,2002,127.20
1,7,2002,124.60
2,7,2002,125.50
3,7,2002,124.00
4,7,2002,124.00
5,7,2002,124.20
8,7,2002,124.30
9,7,2002,125.10
10,7,2002,125.50
11,7,2002,125.30
12,7,2002,126.20
15,7,2002,127.30
16,7,2002,126.90
17,7,2002,126.00
18,7,2002,126.60
19,7,2002,128.60
22,7,2002,128.50
23,7,2002,127.20
24,7,2002,123.80
25,7,2002,123.10
26,7,2002,121.30
29,7,2002,120.70
30,7,2002,121.60
31,7,2002,121.20
1,8,2002,120.20
2,8,2002,121.30
5,8,2002,123.00
6,8,2002,121.70
7,8,2002,124.20
8,8,2002,124.10
9,8,2002,124.40
12,8,2002,125.80
13,8,2002,124.60
14,8,2002,125.40
15,8,2002,124.20
16,8,2002,124.70
19,8,2002,123.10
20,8,2002,122.20
21,8,2002,121.60
22,8,2002,121.10
23,8,2002,121.30
26,8,2002,121.30
27,8,2002,123.10
28,8,2002,123.20
29,8,2002,123.70
30,8,2002,124.00
2,9,2002,123.60
3,9,2002,124.20
4,9,2002,123.90
5,9,2002,125.90
6,9,2002,126.80
9,9,2002,127.90
10,9,2002,126.50
11,9,2002,124.90
12,9,2002,126.30
13,9,2002,126.20
16,9,2002,124.70
17,9,2002,125.00
18,9,2002,126.10
19,9,2002,127.50
20,9,2002,127.60
23,9,2002,127.60
24,9,2002,129.10
25,9,2002,128.60
26,9,2002,126.40
27,9,2002,126.50
30,9,2002,128.00
1,10,2002,127.20
2,10,2002,127.40
3,10,2002,127.30
4,10,2002,126.60
7,10,2002,127.20
8,10,2002,126.10
9,10,2002,126.10
10,10,2002,126.00
11,10,2002,125.20
14,10,2002,125.50
15,10,2002,124.90
16,10,2002,124.20
17,10,2002,122.90
18,10,2002,123.70
21,10,2002,123.50
22,10,2002,123.50
23,10,2002,123.30
24,10,2002,123.30
25,10,2002,123.80
28,10,2002,124.50
29,10,2002,125.40
30,10,2002,125.20
31,10,2002,125.30
1,11,2002,126.30
4,11,2002,125.40
5,11,2002,125.80
6,11,2002,125.30
7,11,2002,126.10
8,11,2002,126.90
11,11,2002,126.50
12,11,2002,126.90
13,11,2002,127.90
14,11,2002,125.70
15,11,2002,125.70
18,11,2002,125.60
19,11,2002,125.90
20,11,2002,125.70
21,11,2002,125.10
22,11,2002,125.10
25,11,2002,125.10
26,11,2002,125.10
27,11,2002,125.30
28,11,2002,125.40
29,11,2002,126.00
2,12,2002,124.90
3,12,2002,126.10
4,12,2002,126.90
5,12,2002,127.20
6,12,2002,128.40
9,12,2002,128.10
10,12,2002,127.30
11,12,2002,127.70
12,12,2002,128.60
13,12,2002,130.80
16,12,2002,131.00
17,12,2002,133.40
18,12,2002,132.90
19,12,2002,135.60
20,12,2002,134.00
23,12,2002,135.00
24,12,2002,135.00
25,12,2002,135.00
26,12,2002,135.00
27,12,2002,137.00
30,12,2002,136.00
31,12,2002,136.10
1,1,2003,136.10
2,1,2003,134.90
3,1,2003,135.20
6,1,2003,137.90
7,1,2003,136.90
8,1,2003,137.20
9,1,2003,138.00
10,1,2003,138.40
13,1,2003,138.10
14,1,2003,138.30
15,1,2003,137.50
16,1,2003,138.00
17,1,2003,139.90
20,1,2003,139.40
21,1,2003,138.60
22,1,2003,140.40
23,1,2003,142.70
24,1,2003,143.20
27,1,2003,144.30
28,1,2003,144.20
29,1,2003,144.50
30,1,2003,143.70
31,1,2003,143.60
3,2,2003,144.30
4,2,2003,147.10
5,2,2003,149.20
6,2,2003,146.70
7,2,2003,145.50
10,2,2003,144.50
11,2,2003,142.10
12,2,2003,139.50
13,2,2003,137.90
14,2,2003,138.70
17,2,2003,135.60
18,2,2003,134.20
19,2,2003,135.00
20,2,2003,137.10
21,2,2003,137.40
24,2,2003,138.70
25,2,2003,139.50
26,2,2003,137.20
27,2,2003,136.90
28,2,2003,135.40
3,3,2003,134.60
4,3,2003,137.70
5,3,2003,137.80
6,3,2003,138.10
7,3,2003,136.70
10,3,2003,138.10
11,3,2003,135.90
12,3,2003,134.90
13,3,2003,130.30
14,3,2003,130.60
17,3,2003,132.80
18,3,2003,132.00
19,3,2003,130.80
20,3,2003,131.10
21,3,2003,129.90
24,3,2003,128.40
25,3,2003,129.20
26,3,2003,128.40
27,3,2003,129.30
28,3,2003,128.60
31,3,2003,129.90
1,4,2003,129.70
2,4,2003,127.50
3,4,2003,125.50
4,4,2003,125.50
7,4,2003,124.00
8,4,2003,125.40
9,4,2003,124.70
10,4,2003,125.80
11,4,2003,125.70
14,4,2003,126.20
15,4,2003,126.00
16,4,2003,125.60
17,4,2003,126.60
18,4,2003,126.60
21,4,2003,126.60
22,4,2003,129.60
23,4,2003,129.00
24,4,2003,129.20
25,4,2003,129.00
28,4,2003,128.90
29,4,2003,128.40
30,4,2003,130.40
1,5,2003,132.00
2,5,2003,131.80
5,5,2003,131.60
6,5,2003,132.40
7,5,2003,132.10
8,5,2003,133.80
9,5,2003,134.20
12,5,2003,135.40
13,5,2003,135.10
14,5,2003,136.30
15,5,2003,136.50
16,5,2003,136.80
19,5,2003,137.80
20,5,2003,140.50
21,5,2003,140.90
22,5,2003,141.70
23,5,2003,142.00
26,5,2003,142.00
27,5,2003,142.30
28,5,2003,138.00
29,5,2003,139.70
30,5,2003,138.90
2,6,2003,140.50
3,6,2003,140.10
4,6,2003,139.60
5,6,2003,140.60
6,6,2003,139.10
9,6,2003,139.10
10,6,2003,135.40
11,6,2003,135.20
12,6,2003,134.40
13,6,2003,134.80
16,6,2003,136.70
17,6,2003,138.20
18,6,2003,137.00
19,6,2003,136.20
20,6,2003,136.30
23,6,2003,135.40
24,6,2003,132.60
25,6,2003,132.60
26,6,2003,130.80
27,6,2003,131.10
30,6,2003,131.50
1,7,2003,133.00
2,7,2003,133.40
3,7,2003,132.60
4,7,2003,133.10
7,7,2003,131.90
8,7,2003,131.40
9,7,2003,130.10
10,7,2003,129.70
11,7,2003,129.60
14,7,2003,130.80
15,7,2003,131.40
16,7,2003,129.60
17,7,2003,129.40
18,7,2003,130.20
21,7,2003,132.30
22,7,2003,132.90
23,7,2003,133.90
24,7,2003,134.90
25,7,2003,136.90
28,7,2003,137.90
29,7,2003,137.10
30,7,2003,134.90
31,7,2003,133.80
1,8,2003,133.00
4,8,2003,131.10
5,8,2003,131.30
6,8,2003,132.50
7,8,2003,132.00
8,8,2003,133.00
11,8,2003,134.90
12,8,2003,135.10
13,8,2003,134.60
14,8,2003,136.40
15,8,2003,136.70
18,8,2003,135.00
19,8,2003,135.00
20,8,2003,136.20
21,8,2003,136.20
22,8,2003,134.50
25,8,2003,134.60
26,8,2003,135.20
27,8,2003,139.20
28,8,2003,138.70
29,8,2003,140.80
1,9,2003,141.00
2,9,2003,140.20
3,9,2003,138.80
4,9,2003,139.20
5,9,2003,140.90
8,9,2003,140.30
9,9,2003,143.10
10,9,2003,142.00
11,9,2003,140.60
12,9,2003,141.50
15,9,2003,139.80
16,9,2003,140.40
17,9,2003,140.60
18,9,2003,142.20
19,9,2003,142.60
22,9,2003,144.20
23,9,2003,143.90
24,9,2003,144.10
25,9,2003,146.50
26,9,2003,143.50
29,9,2003,143.00
30,9,2003,145.20
1,10,2003,142.80
2,10,2003,142.20
3,10,2003,142.60
6,10,2003,138.00
7,10,2003,139.40
8,10,2003,139.30
9,10,2003,137.10
10,10,2003,138.10
13,10,2003,137.50
14,10,2003,139.60
15,10,2003,139.50
16,10,2003,138.30
17,10,2003,137.30
20,10,2003,138.50
21,10,2003,140.10
22,10,2003,142.50
23,10,2003,142.50
24,10,2003,143.90
27,10,2003,143.30
28,10,2003,142.40
29,10,2003,142.80
30,10,2003,143.20
31,10,2003,143.10
3,11,2003,142.00
4,11,2003,140.00
5,11,2003,140.30
6,11,2003,140.90
7,11,2003,140.30
10,11,2003,142.00
11,11,2003,143.60
12,11,2003,144.40
13,11,2003,146.60
14,11,2003,147.30
17,11,2003,146.50
18,11,2003,147.00
19,11,2003,147.40
20,11,2003,147.50
21,11,2003,147.90
24,11,2003,147.00
25,11,2003,147.10
26,11,2003,148.60
27,11,2003,148.40
28,11,2003,149.10
1,12,2003,149.50
2,12,2003,149.80
3,12,2003,149.90
4,12,2003,150.00
5,12,2003,150.00
8,12,2003,151.10
9,12,2003,151.80
10,12,2003,152.60
11,12,2003,150.50
12,12,2003,151.50
15,12,2003,151.70
16,12,2003,151.90
17,12,2003,151.90
18,12,2003,151.60
19,12,2003,152.50
22,12,2003,152.80
23,12,2003,152.20
24,12,2003,152.40
25,12,2003,152.40
26,12,2003,152.50
29,12,2003,153.70
30,12,2003,155.00
31,12,2003,155.30
1,1,2004,155.30
2,1,2004,154.90
5,1,2004,157.00
6,1,2004,158.30
7,1,2004,157.00
8,1,2004,156.60
9,1,2004,157.30
12,1,2004,158.00
13,1,2004,157.90
14,1,2004,155.80
15,1,2004,153.20
16,1,2004,151.60
19,1,2004,151.00
20,1,2004,151.90
21,1,2004,151.30
22,1,2004,151.80
23,1,2004,151.60
26,1,2004,151.20
27,1,2004,150.30
28,1,2004,152.30
29,1,2004,150.30
30,1,2004,148.10
2,2,2004,147.50
3,2,2004,148.60
4,2,2004,147.70
5,2,2004,147.80
6,2,2004,149.60
9,2,2004,150.00
10,2,2004,150.80
11,2,2004,149.90
12,2,2004,152.20
13,2,2004,153.70
16,2,2004,152.30
17,2,2004,153.30
18,2,2004,153.40
19,2,2004,151.60
20,2,2004,149.80
23,2,2004,147.90
24,2,2004,148.80
25,2,2004,147.90
26,2,2004,145.50
27,2,2004,146.40
1,3,2004,147.80
2,3,2004,146.30
3,3,2004,144.40
4,3,2004,145.10
5,3,2004,147.80
8,3,2004,147.90
9,3,2004,148.40
10,3,2004,148.00
11,3,2004,147.50
12,3,2004,147.10
15,3,2004,147.20
16,3,2004,148.80
17,3,2004,148.90
18,3,2004,151.80
19,3,2004,152.10
22,3,2004,154.00
23,3,2004,152.50
24,3,2004,151.90
25,3,2004,152.20
26,3,2004,153.10
29,3,2004,151.60
30,3,2004,151.10
31,3,2004,150.40
1,4,2004,151.40
2,4,2004,149.70
5,4,2004,149.00
6,4,2004,149.40
7,4,2004,149.00
8,4,2004,149.60
9,4,2004,149.60
12,4,2004,149.60
13,4,2004,145.80
14,4,2004,142.30
15,4,2004,143.10
16,4,2004,143.60
19,4,2004,144.50
20,4,2004,142.60
21,4,2004,141.30
22,4,2004,141.70
23,4,2004,142.10
26,4,2004,143.00
27,4,2004,143.20
28,4,2004,141.50
29,4,2004,140.00
30,4,2004,141.30
3,5,2004,142.40
4,5,2004,142.80
5,5,2004,143.00
6,5,2004,141.40
7,5,2004,138.90
10,5,2004,137.70
11,5,2004,139.10
12,5,2004,141.70
13,5,2004,138.80
14,5,2004,140.20
17,5,2004,142.50
18,5,2004,140.30
19,5,2004,140.50
20,5,2004,140.40
21,5,2004,142.50
24,5,2004,142.20
25,5,2004,144.10
26,5,2004,144.50
27,5,2004,146.00
28,5,2004,145.90
31,5,2004,145.90
1,6,2004,147.50
2,6,2004,146.40
3,6,2004,144.20
4,6,2004,143.20
7,6,2004,145.00
8,6,2004,144.30
9,6,2004,142.10
10,6,2004,141.80
11,6,2004,141.80
14,6,2004,142.70
15,6,2004,143.30
16,6,2004,142.80
17,6,2004,143.50
18,6,2004,147.30
21,6,2004,148.20
22,6,2004,149.50
23,6,2004,147.10
24,6,2004,149.90
25,6,2004,150.20
28,6,2004,151.50
29,6,2004,148.30
30,6,2004,148.80
1,7,2004,148.00
2,7,2004,148.60
5,7,2004,149.10
6,7,2004,148.40
7,7,2004,149.70
8,7,2004,151.60
9,7,2004,151.60
12,7,2004,151.70
13,7,2004,150.20
14,7,2004,151.60
15,7,2004,151.70
16,7,2004,152.50
19,7,2004,153.10
20,7,2004,150.60
21,7,2004,150.10
22,7,2004,150.40
23,7,2004,148.20
26,7,2004,147.90
27,7,2004,147.30
28,7,2004,146.50
29,7,2004,146.90
30,7,2004,148.40
2,8,2004,148.20
3,8,2004,148.10
4,8,2004,148.30
5,8,2004,148.20
6,8,2004,151.10
9,8,2004,151.30
10,8,2004,151.40
11,8,2004,149.00
12,8,2004,148.80
13,8,2004,150.10
16,8,2004,152.20
17,8,2004,152.00
18,8,2004,152.50
19,8,2004,153.70
20,8,2004,155.20
23,8,2004,155.30
24,8,2004,153.60
25,8,2004,153.80
26,8,2004,153.70
27,8,2004,153.20
30,8,2004,153.50
31,8,2004,154.30
1,9,2004,154.30
2,9,2004,153.70
3,9,2004,151.90
6,9,2004,152.20
7,9,2004,150.80
8,9,2004,150.00
9,9,2004,150.80
10,9,2004,151.70
13,9,2004,150.60
14,9,2004,152.00
15,9,2004,151.40
16,9,2004,151.10
17,9,2004,152.00
20,9,2004,151.60
21,9,2004,153.00
22,9,2004,151.90
23,9,2004,154.20
24,9,2004,152.90
27,9,2004,153.80
28,9,2004,155.40
29,9,2004,155.20
30,9,2004,156.30
1,10,2004,156.70
4,10,2004,154.70
5,10,2004,155.70
6,10,2004,156.80
7,10,2004,156.70
8,10,2004,157.70
11,10,2004,157.90
12,10,2004,155.30
13,10,2004,154.00
14,10,2004,155.60
15,10,2004,157.40
18,10,2004,157.00
19,10,2004,157.00
20,10,2004,158.40
21,10,2004,157.90
22,10,2004,158.00
25,10,2004,160.10
26,10,2004,159.60
27,10,2004,159.70
28,10,2004,157.90
29,10,2004,157.80
1,11,2004,159.10
2,11,2004,157.80
3,11,2004,156.90
4,11,2004,158.90
5,11,2004,159.10
8,11,2004,159.20
9,11,2004,160.00
10,11,2004,159.80
11,11,2004,160.10
12,11,2004,160.70
15,11,2004,160.90
16,11,2004,161.70
17,11,2004,163.20
18,11,2004,162.80
19,11,2004,164.00
22,11,2004,164.80
23,11,2004,165.10
24,11,2004,165.20
25,11,2004,166.10
26,11,2004,165.80
29,11,2004,164.90
30,11,2004,164.90
1,12,2004,163.90
2,12,2004,163.60
3,12,2004,161.60
6,12,2004,161.30
7,12,2004,161.30
8,12,2004,157.00
9,12,2004,157.80
10,12,2004,158.30
13,12,2004,157.20
14,12,2004,157.50
15,12,2004,157.60
16,12,2004,157.10
17,12,2004,157.60
20,12,2004,158.50
21,12,2004,157.60
22,12,2004,158.00
23,12,2004,157.80
24,12,2004,157.90
27,12,2004,157.90
28,12,2004,157.60
29,12,2004,157.30
30,12,2004,155.50
31,12,2004,154.80
3,1,2005,154.60
4,1,2005,152.00
5,1,2005,152.20
6,1,2005,152.00
7,1,2005,150.80
10,1,2005,150.70
11,1,2005,150.40
12,1,2005,152.30
13,1,2005,151.10
14,1,2005,150.70
17,1,2005,150.50
18,1,2005,150.60
19,1,2005,151.60
20,1,2005,151.40
21,1,2005,151.30
24,1,2005,152.50
25,1,2005,152.00
26,1,2005,152.20
27,1,2005,151.60
28,1,2005,152.50
31,1,2005,150.70
1,2,2005,150.40
2,2,2005,149.60
3,2,2005,147.70
4,2,2005,147.60
7,2,2005,147.20
8,2,2005,146.80
9,2,2005,146.90
10,2,2005,148.70
11,2,2005,149.80
14,2,2005,151.30
15,2,2005,152.00
16,2,2005,151.30
17,2,2005,152.60
18,2,2005,152.90
21,2,2005,153.00
22,2,2005,154.60
23,2,2005,154.60
24,2,2005,154.90
25,2,2005,155.10
28,2,2005,155.20
1,3,2005,154.90
2,3,2005,154.20
3,3,2005,153.70
4,3,2005,154.90
7,3,2005,154.60
8,3,2005,156.10
9,3,2005,156.80
10,3,2005,156.90
11,3,2005,157.80
14,3,2005,157.30
15,3,2005,157.00
16,3,2005,157.80
17,3,2005,156.40
18,3,2005,156.00
21,3,2005,154.60
22,3,2005,154.40
23,3,2005,152.30
24,3,2005,151.90
25,3,2005,151.90
28,3,2005,152.30
29,3,2005,152.60
30,3,2005,152.50
31,3,2005,152.60
1,4,2005,152.40
4,4,2005,151.60
5,4,2005,152.00
6,4,2005,152.10
7,4,2005,153.00
8,4,2005,152.10
11,4,2005,153.30
12,4,2005,152.80
13,4,2005,152.90
14,4,2005,151.40
15,4,2005,152.00
18,4,2005,152.30
19,4,2005,152.80
20,4,2005,154.80
21,4,2005,155.10
22,4,2005,155.20
25,4,2005,154.70
26,4,2005,156.10
27,4,2005,155.10
28,4,2005,154.50
29,4,2005,155.10
2,5,2005,155.20
3,5,2005,152.50
4,5,2005,152.60
5,5,2005,152.30
6,5,2005,151.00
9,5,2005,151.30
10,5,2005,151.80
11,5,2005,150.60
12,5,2005,150.40
13,5,2005,149.10
16,5,2005,149.00
17,5,2005,149.20
18,5,2005,149.20
19,5,2005,149.60
20,5,2005,148.60
23,5,2005,148.70
24,5,2005,148.70
25,5,2005,148.90
26,5,2005,148.60
27,5,2005,148.80
30,5,2005,149.00
31,5,2005,148.20
1,6,2005,148.60
2,6,2005,150.10
3,6,2005,150.90
6,6,2005,151.80
7,6,2005,151.00
8,6,2005,150.90
9,6,2005,150.30
10,6,2005,150.30
13,6,2005,153.20
14,6,2005,152.20
15,6,2005,152.70
16,6,2005,154.30
17,6,2005,155.70
20,6,2005,156.50
21,6,2005,154.90
22,6,2005,155.60
23,6,2005,156.40
24,6,2005,156.80
27,6,2005,156.20
28,6,2005,155.40
29,6,2005,155.20
30,6,2005,155.40
1,7,2005,153.70
4,7,2005,152.20
5,7,2005,151.00
6,7,2005,150.90
7,7,2005,151.50
8,7,2005,151.20
11,7,2005,151.00
12,7,2005,151.80
13,7,2005,150.90
14,7,2005,150.90
15,7,2005,148.80
18,7,2005,149.80
19,7,2005,149.20
20,7,2005,150.10
21,7,2005,149.60
22,7,2005,150.90
25,7,2005,151.60
26,7,2005,150.30
27,7,2005,150.60
28,7,2005,151.30
29,7,2005,152.40
1,8,2005,153.10
2,8,2005,153.40
3,8,2005,154.20
4,8,2005,156.00
5,8,2005,155.70
8,8,2005,155.20
9,8,2005,154.10
10,8,2005,155.40
11,8,2005,156.90
12,8,2005,159.10
15,8,2005,157.70
16,8,2005,157.60
17,8,2005,157.20
18,8,2005,156.50
19,8,2005,156.60
22,8,2005,156.80
23,8,2005,156.70
24,8,2005,157.30
25,8,2005,156.50
26,8,2005,155.80
29,8,2005,156.70
30,8,2005,155.00
31,8,2005,156.20
1,9,2005,158.00
2,9,2005,159.10
5,9,2005,159.80
6,9,2005,159.20
7,9,2005,159.50
8,9,2005,160.70
9,9,2005,160.60
12,9,2005,160.50
13,9,2005,159.70
14,9,2005,161.10
15,9,2005,163.00
16,9,2005,163.90
19,9,2005,166.50
20,9,2005,166.60
21,9,2005,168.30
22,9,2005,167.30
23,9,2005,166.00
26,9,2005,165.90
27,9,2005,167.10
28,9,2005,166.90
29,9,2005,169.80
30,9,2005,170.10
3,10,2005,168.00
4,10,2005,168.90
5,10,2005,167.60
6,10,2005,170.60
7,10,2005,171.30
10,10,2005,173.20
11,10,2005,174.30
12,10,2005,173.90
13,10,2005,172.40
14,10,2005,170.70
17,10,2005,173.90
18,10,2005,174.10
19,10,2005,171.90
20,10,2005,171.50
21,10,2005,170.40
24,10,2005,171.90
25,10,2005,173.80
26,10,2005,174.20
27,10,2005,174.80
28,10,2005,173.50
31,10,2005,173.60
1,11,2005,169.40
2,11,2005,170.30
3,11,2005,170.90
4,11,2005,171.30
7,11,2005,171.10
8,11,2005,172.70
9,11,2005,173.00
10,11,2005,174.50
11,11,2005,173.90
14,11,2005,175.00
15,11,2005,174.70
16,11,2005,177.90
17,11,2005,181.70
18,11,2005,181.70
21,11,2005,183.00
22,11,2005,184.60
23,11,2005,182.20
24,11,2005,184.40
25,11,2005,185.70
28,11,2005,186.00
29,11,2005,185.90
30,11,2005,186.00
1,12,2005,188.30
2,12,2005,189.50
5,12,2005,191.30
6,12,2005,190.30
7,12,2005,194.70
8,12,2005,194.90
9,12,2005,198.20
12,12,2005,201.90
13,12,2005,196.70
14,12,2005,190.20
15,12,2005,187.50
16,12,2005,187.40
19,12,2005,187.10
20,12,2005,185.50
21,12,2005,180.60
22,12,2005,184.50
23,12,2005,184.50
26,12,2005,184.50
27,12,2005,184.80
28,12,2005,191.00
29,12,2005,189.40
30,12,2005,188.80
2,1,2006,188.80
3,1,2006,194.70
4,1,2006,193.70
5,1,2006,191.40
6,1,2006,194.10
9,1,2006,195.80
10,1,2006,196.20
11,1,2006,196.70
12,1,2006,195.30
13,1,2006,197.80
16,1,2006,202.90
17,1,2006,200.20
18,1,2006,197.40
19,1,2006,200.40
20,1,2006,204.90
23,1,2006,200.00
24,1,2006,201.40
25,1,2006,202.50
26,1,2006,200.30
27,1,2006,202.20
30,1,2006,203.50
31,1,2006,205.20
1,2,2006,205.10
2,2,2006,206.70
3,2,2006,205.40
6,2,2006,205.80
7,2,2006,201.80
8,2,2006,198.20
9,2,2006,202.10
10,2,2006,200.90
13,2,2006,198.40
14,2,2006,195.00
15,2,2006,195.30
16,2,2006,195.00
17,2,2006,200.50
20,2,2006,201.00
21,2,2006,201.00
22,2,2006,201.40
23,2,2006,200.00
24,2,2006,201.00
27,2,2006,201.00
28,2,2006,201.70
1,3,2006,204.70
2,3,2006,204.20
3,3,2006,204.30
6,3,2006,204.50
7,3,2006,200.20
8,3,2006,198.00
9,3,2006,200.10
10,3,2006,193.90
13,3,2006,197.30
14,3,2006,198.40
15,3,2006,202.00
16,3,2006,200.30
17,3,2006,200.10
20,3,2006,201.20
21,3,2006,198.90
22,3,2006,200.20
23,3,2006,198.90
24,3,2006,202.60
27,3,2006,206.20
28,3,2006,207.20
29,3,2006,206.30
30,3,2006,212.90
31,3,2006,212.10
3,4,2006,213.30
4,4,2006,214.40
5,4,2006,214.00
6,4,2006,216.40
7,4,2006,215.50
10,4,2006,218.90
11,4,2006,219.10
12,4,2006,220.80
13,4,2006,218.90
14,4,2006,218.90
17,4,2006,218.40
18,4,2006,226.80
19,4,2006,230.00
20,4,2006,230.40
21,4,2006,229.80
24,4,2006,228.40
25,4,2006,233.20
26,4,2006,234.10
27,4,2006,234.00
28,4,2006,236.50
1,5,2006,235.80
2,5,2006,242.30
3,5,2006,246.90
4,5,2006,246.80
5,5,2006,248.60
8,5,2006,247.60
9,5,2006,253.50
10,5,2006,257.00
11,5,2006,263.00
12,5,2006,267.00
15,5,2006,255.50
16,5,2006,257.50
17,5,2006,258.40
18,5,2006,257.70
19,5,2006,242.60
22,5,2006,243.00
23,5,2006,248.20
24,5,2006,242.60
25,5,2006,241.10
26,5,2006,241.00
29,5,2006,242.10
30,5,2006,250.00
31,5,2006,247.20
1,6,2006,236.80
2,6,2006,237.00
5,6,2006,240.20
6,6,2006,235.40
7,6,2006,231.40
8,6,2006,230.60
9,6,2006,231.50
12,6,2006,228.70
13,6,2006,219.70
14,6,2006,213.30
15,6,2006,214.00
16,6,2006,215.10
19,6,2006,214.40
20,6,2006,213.10
21,6,2006,215.90
22,6,2006,220.30
23,6,2006,218.60
26,6,2006,221.30
27,6,2006,222.90
28,6,2006,220.90
29,6,2006,223.00
30,6,2006,230.90
3,7,2006,234.70
4,7,2006,233.60
5,7,2006,234.70
6,7,2006,236.20
7,7,2006,237.90
10,7,2006,236.10
11,7,2006,238.10
12,7,2006,245.80
13,7,2006,246.00
14,7,2006,251.40
17,7,2006,249.40
18,7,2006,246.30
19,7,2006,246.50
20,7,2006,245.60
21,7,2006,242.40
24,7,2006,232.30
25,7,2006,236.80
26,7,2006,234.90
27,7,2006,243.50
28,7,2006,243.10
31,7,2006,240.80
1,8,2006,242.70
2,8,2006,249.90
3,8,2006,245.30
4,8,2006,248.30
7,8,2006,247.50
8,8,2006,245.90
9,8,2006,246.60
10,8,2006,244.60
11,8,2006,245.10
14,8,2006,238.10
15,8,2006,238.30
16,8,2006,239.80
17,8,2006,237.50
18,8,2006,233.20
21,8,2006,237.40
22,8,2006,236.90
23,8,2006,238.90
24,8,2006,237.30
25,8,2006,236.40
28,8,2006,236.20
29,8,2006,233.20
30,8,2006,234.90
31,8,2006,237.20
1,9,2006,236.20
4,9,2006,237.40
5,9,2006,241.30
6,9,2006,239.80
7,9,2006,234.80
8,9,2006,230.60
11,9,2006,222.60
12,9,2006,223.50
13,9,2006,222.40
14,9,2006,220.50
15,9,2006,216.30
18,9,2006,219.00
19,9,2006,219.80
20,9,2006,218.10
21,9,2006,217.00
22,9,2006,221.10
25,9,2006,219.60
26,9,2006,221.90
27,9,2006,222.80
28,9,2006,226.40
29,9,2006,225.00
2,10,2006,225.50
3,10,2006,217.80
4,10,2006,214.50
5,10,2006,214.00
6,10,2006,209.00
9,10,2006,215.10
10,10,2006,214.00
11,10,2006,214.30
12,10,2006,213.70
13,10,2006,217.80
16,10,2006,221.10
17,10,2006,218.40
18,10,2006,220.40
19,10,2006,221.30
20,10,2006,221.10
23,10,2006,216.20
24,10,2006,213.50
25,10,2006,215.30
26,10,2006,220.60
27,10,2006,220.30
30,10,2006,223.80
31,10,2006,222.30
1,11,2006,225.30
2,11,2006,227.80
3,11,2006,228.20
6,11,2006,229.90
7,11,2006,228.80
8,11,2006,227.80
9,11,2006,227.70
10,11,2006,230.10
13,11,2006,229.30
14,11,2006,231.60
15,11,2006,229.00
16,11,2006,229.60
17,11,2006,227.90
20,11,2006,230.00
21,11,2006,229.10
22,11,2006,231.40
23,11,2006,230.30
24,11,2006,233.70
27,11,2006,233.40
28,11,2006,232.80
29,11,2006,233.00
30,11,2006,236.50
1,12,2006,236.90
4,12,2006,235.70
5,12,2006,235.10
6,12,2006,232.40
7,12,2006,229.10
8,12,2006,233.10
11,12,2006,229.60
12,12,2006,230.00
13,12,2006,228.50
14,12,2006,229.20
15,12,2006,227.90
18,12,2006,224.60
19,12,2006,227.00
20,12,2006,226.40
21,12,2006,226.40
22,12,2006,226.10
25,12,2006,226.10
26,12,2006,225.50
27,12,2006,227.70
28,12,2006,228.70
29,12,2006,228.70
1,1,2007,228.70
2,1,2007,231.40
3,1,2007,233.10
4,1,2007,227.60
5,1,2007,220.80
8,1,2007,221.70
9,1,2007,221.20
10,1,2007,221.60
11,1,2007,223.10
12,1,2007,225.10
15,1,2007,227.00
16,1,2007,227.00
17,1,2007,226.40
18,1,2007,230.10
19,1,2007,227.60
22,1,2007,230.90
23,1,2007,232.40
24,1,2007,232.40
25,1,2007,235.70
26,1,2007,233.50
29,1,2007,233.00
30,1,2007,233.20
31,1,2007,234.90
1,2,2007,238.10
2,2,2007,232.90
5,2,2007,234.20
6,2,2007,235.60
7,2,2007,235.60
8,2,2007,236.60
9,2,2007,239.80
12,2,2007,240.00
13,2,2007,241.30
14,2,2007,241.10
15,2,2007,239.70
16,2,2007,239.30
19,2,2007,242.10
20,2,2007,239.90
21,2,2007,238.90
22,2,2007,244.80
23,2,2007,246.80
26,2,2007,247.80
27,2,2007,244.50
28,2,2007,240.50
1,3,2007,242.70
2,3,2007,236.20
5,3,2007,232.30
6,3,2007,234.00
7,3,2007,235.20
8,3,2007,237.10
9,3,2007,235.80
12,3,2007,234.30
13,3,2007,235.30
14,3,2007,232.80
15,3,2007,234.40
16,3,2007,235.60
19,3,2007,236.10
20,3,2007,235.80
21,3,2007,234.30
22,3,2007,237.10
23,3,2007,233.80
26,3,2007,234.70
27,3,2007,234.20
28,3,2007,234.60
29,3,2007,236.50
30,3,2007,235.20
2,4,2007,233.90
3,4,2007,233.90
4,4,2007,236.70
5,4,2007,236.40
6,4,2007,236.40
9,4,2007,236.30
10,4,2007,237.30
11,4,2007,237.80
12,4,2007,237.30
13,4,2007,237.00
16,4,2007,235.40
17,4,2007,236.10
18,4,2007,236.60
19,4,2007,234.60
20,4,2007,236.10
23,4,2007,234.70
24,4,2007,231.80
25,4,2007,228.80
26,4,2007,225.10
27,4,2007,227.60
30,4,2007,228.00
1,5,2007,226.80
2,5,2007,225.60
3,5,2007,226.70
4,5,2007,230.10
7,5,2007,230.20
8,5,2007,228.50
9,5,2007,228.50
10,5,2007,227.10
11,5,2007,225.40
14,5,2007,224.00
15,5,2007,223.80
16,5,2007,222.70
17,5,2007,219.40
18,5,2007,218.60
21,5,2007,218.80
22,5,2007,219.70
23,5,2007,219.60
24,5,2007,218.80
25,5,2007,217.50
28,5,2007,217.50
29,5,2007,218.60
30,5,2007,218.10
31,5,2007,218.80
1,6,2007,220.80
4,6,2007,222.40
5,6,2007,222.50
6,6,2007,222.80
7,6,2007,222.60
8,6,2007,220.40
11,6,2007,216.90
12,6,2007,215.70
13,6,2007,217.00
14,6,2007,218.50
15,6,2007,218.20
18,6,2007,218.70
19,6,2007,219.00
20,6,2007,219.10
21,6,2007,216.60
22,6,2007,217.60
25,6,2007,217.40
26,6,2007,216.60
27,6,2007,215.30
28,6,2007,216.10
29,6,2007,216.60
2,7,2007,217.60
3,7,2007,216.90
4,7,2007,216.40
5,7,2007,215.20
6,7,2007,214.50
9,7,2007,218.60
10,7,2007,218.50
11,7,2007,219.00
12,7,2007,221.00
13,7,2007,220.30
16,7,2007,219.90
17,7,2007,220.00
18,7,2007,220.30
19,7,2007,222.50
20,7,2007,224.70
23,7,2007,224.70
24,7,2007,225.40
25,7,2007,222.60
26,7,2007,221.00
27,7,2007,218.80
30,7,2007,219.30
31,7,2007,219.70
1,8,2007,220.20
2,8,2007,220.20
3,8,2007,221.20
6,8,2007,221.80
7,8,2007,220.70
8,8,2007,223.90
9,8,2007,219.60
10,8,2007,222.20
13,8,2007,222.20
14,8,2007,222.70
15,8,2007,222.30
16,8,2007,224.00
17,8,2007,222.10
20,8,2007,221.40
21,8,2007,220.90
22,8,2007,220.50
23,8,2007,221.80
24,8,2007,222.10
27,8,2007,221.70
28,8,2007,224.20
29,8,2007,223.30
30,8,2007,224.20
31,8,2007,224.60
3,9,2007,224.60
4,9,2007,227.40
5,9,2007,227.70
6,9,2007,229.50
7,9,2007,233.20
10,9,2007,233.80
11,9,2007,233.60
12,9,2007,233.50
13,9,2007,233.00
14,9,2007,237.00
17,9,2007,238.40
18,9,2007,236.60
19,9,2007,238.40
20,9,2007,239.50
21,9,2007,240.50
24,9,2007,237.40
25,9,2007,236.70
26,9,2007,238.50
27,9,2007,237.60
28,9,2007,242.10
1,10,2007,241.90
2,10,2007,238.20
3,10,2007,236.30
4,10,2007,234.20
5,10,2007,237.90
8,10,2007,236.70
9,10,2007,237.40
10,10,2007,238.30
11,10,2007,240.70
12,10,2007,241.20
15,10,2007,243.90
16,10,2007,243.50
17,10,2007,246.60
18,10,2007,248.60
19,10,2007,247.90
22,10,2007,245.00
23,10,2007,245.50
24,10,2007,245.20
25,10,2007,248.20
26,10,2007,251.30
29,10,2007,254.20
30,10,2007,252.20
31,10,2007,253.80
1,11,2007,254.00
2,11,2007,256.00
5,11,2007,258.70
6,11,2007,264.40
7,11,2007,268.20
8,11,2007,270.50
9,11,2007,267.40
12,11,2007,258.60
13,11,2007,259.30
14,11,2007,261.50
15,11,2007,255.20
16,11,2007,253.90
19,11,2007,250.50
20,11,2007,256.00
21,11,2007,257.00
22,11,2007,259.70
23,11,2007,264.70
26,11,2007,270.10
27,11,2007,263.70
28,11,2007,260.90
29,11,2007,258.30
30,11,2007,253.80
3,12,2007,253.30
4,12,2007,257.10
5,12,2007,256.10
6,12,2007,258.80
7,12,2007,255.30
10,12,2007,260.90
11,12,2007,260.20
12,12,2007,262.10
13,12,2007,257.90
14,12,2007,254.00
17,12,2007,255.70
18,12,2007,260.00
19,12,2007,258.90
20,12,2007,257.10
21,12,2007,262.10
24,12,2007,261.40
25,12,2007,261.40
26,12,2007,261.30
27,12,2007,267.20
28,12,2007,268.80
31,12,2007,268.70
1,1,2008,268.70
2,1,2008,273.00
3,1,2008,276.70
4,1,2008,275.00
7,1,2008,276.10
8,1,2008,280.50
9,1,2008,281.70
10,1,2008,284.10
11,1,2008,286.30
14,1,2008,289.70
15,1,2008,293.20
16,1,2008,285.90
17,1,2008,285.50
18,1,2008,283.40
21,1,2008,281.80
22,1,2008,282.50
23,1,2008,287.50
24,1,2008,293.30
25,1,2008,295.60
28,1,2008,296.80
29,1,2008,297.70
30,1,2008,296.00
31,1,2008,297.20
1,2,2008,294.40
4,2,2008,288.30
5,2,2008,287.10
6,2,2008,291.80
7,2,2008,290.80
8,2,2008,296.90
11,2,2008,298.00
12,2,2008,297.40
13,2,2008,292.30
14,2,2008,293.50
15,2,2008,296.00
18,2,2008,293.80
19,2,2008,301.60
20,2,2008,302.40
21,2,2008,308.50
22,2,2008,308.90
25,2,2008,306.40
26,2,2008,305.70
27,2,2008,312.10
28,2,2008,312.90
29,2,2008,317.90
3,3,2008,326.40
4,3,2008,324.60
5,3,2008,321.10
6,3,2008,321.20
7,3,2008,322.20
10,3,2008,320.90
11,3,2008,320.90
12,3,2008,321.70
13,3,2008,329.00
14,3,2008,331.80
17,3,2008,336.70
18,3,2008,333.40
19,3,2008,316.80
20,3,2008,306.00
21,3,2008,306.00
24,3,2008,304.80
25,3,2008,304.00
26,3,2008,310.80
27,3,2008,310.50
28,3,2008,304.70
31,3,2008,306.20
1,4,2008,291.20
2,4,2008,290.90
3,4,2008,293.50
4,4,2008,295.80
7,4,2008,302.80
8,4,2008,299.40
9,4,2008,299.80
10,4,2008,303.10
11,4,2008,303.10
14,4,2008,302.70
15,4,2008,303.80
16,4,2008,308.70
17,4,2008,308.80
18,4,2008,296.60
21,4,2008,300.30
22,4,2008,300.00
23,4,2008,294.30
24,4,2008,294.20
25,4,2008,292.40
28,4,2008,292.40
29,4,2008,291.20
30,4,2008,288.50
1,5,2008,282.40
2,5,2008,283.60
5,5,2008,283.40
6,5,2008,294.60
7,5,2008,293.60
8,5,2008,299.50
9,5,2008,297.90
12,5,2008,303.80
13,5,2008,297.80
14,5,2008,300.70
15,5,2008,308.00
16,5,2008,312.00
19,5,2008,315.30
20,5,2008,318.60
21,5,2008,323.30
22,5,2008,324.10
23,5,2008,323.90
26,5,2008,324.00
27,5,2008,318.50
28,5,2008,315.40
29,5,2008,308.90
30,5,2008,307.50
2,6,2008,308.00
3,6,2008,306.40
4,6,2008,309.00
5,6,2008,308.30
6,6,2008,310.60
9,6,2008,314.10
10,6,2008,308.60
11,6,2008,307.10
12,6,2008,302.00
13,6,2008,304.10
16,6,2008,312.00
17,6,2008,309.10
18,6,2008,311.30
19,6,2008,317.20
20,6,2008,318.50
23,6,2008,309.60
24,6,2008,312.50
25,6,2008,308.50
26,6,2008,317.40
27,6,2008,322.40
30,6,2008,327.30
1,7,2008,332.20
2,7,2008,330.10
3,7,2008,330.60
4,7,2008,328.60
7,7,2008,324.50
8,7,2008,325.80
9,7,2008,327.00
10,7,2008,330.30
11,7,2008,337.50
14,7,2008,339.70
15,7,2008,348.50
16,7,2008,344.30
17,7,2008,338.00
18,7,2008,335.60
21,7,2008,335.20
22,7,2008,336.00
23,7,2008,318.80
24,7,2008,319.80
25,7,2008,318.10
28,7,2008,321.30
29,7,2008,319.70
30,7,2008,310.90
31,7,2008,319.60
1,8,2008,316.00
4,8,2008,314.70
5,8,2008,304.70
6,8,2008,302.60
7,8,2008,299.80
8,8,2008,293.20
11,8,2008,293.90
12,8,2008,283.30
13,8,2008,285.40
14,8,2008,287.60
15,8,2008,276.60
18,8,2008,283.80
19,8,2008,281.20
20,8,2008,291.50
21,8,2008,296.60
22,8,2008,292.60
25,8,2008,295.00
26,8,2008,296.50
27,8,2008,295.90
28,8,2008,300.10
29,8,2008,299.20
1,9,2008,297.10
2,9,2008,290.10
3,9,2008,292.00
4,9,2008,292.20
5,9,2008,295.20
8,9,2008,294.60
9,9,2008,286.50
10,9,2008,286.10
11,9,2008,276.00
12,9,2008,280.50
15,9,2008,291.80
16,9,2008,298.80
17,9,2008,308.10
18,9,2008,327.50
19,9,2008,325.60
22,9,2008,330.40
23,9,2008,336.10
24,9,2008,336.60
25,9,2008,335.80
26,9,2008,343.30
29,9,2008,347.50
30,9,2008,339.70
1,10,2008,335.50
2,10,2008,324.80
3,10,2008,318.70
6,10,2008,342.30
7,10,2008,343.50
8,10,2008,354.60
9,10,2008,346.80
10,10,2008,356.80
13,10,2008,328.00
14,10,2008,327.20
15,10,2008,336.10
16,10,2008,320.40
17,10,2008,313.60
20,10,2008,318.50
21,10,2008,309.20
22,10,2008,299.90
23,10,2008,293.30
24,10,2008,291.10
27,10,2008,297.90
28,10,2008,297.90
29,10,2008,310.30
30,10,2008,306.80
31,10,2008,295.50
3,11,2008,290.20
4,11,2008,289.30
5,11,2008,292.50
6,11,2008,294.50
7,11,2008,286.50
10,11,2008,291.80
11,11,2008,288.70
12,11,2008,292.20
13,11,2008,287.70
14,11,2008,299.40
17,11,2008,296.20
18,11,2008,299.80
19,11,2008,311.60
20,11,2008,302.90
21,11,2008,316.90
24,11,2008,336.90
25,11,2008,335.10
26,11,2008,328.80
27,11,2008,329.40
28,11,2008,333.60
1,12,2008,319.80
2,12,2008,319.80
3,12,2008,313.30
4,12,2008,315.30
5,12,2008,303.60
8,12,2008,311.10
9,12,2008,311.30
10,12,2008,321.40
11,12,2008,327.10
12,12,2008,327.40
15,12,2008,324.50
16,12,2008,328.40
17,12,2008,339.00
18,12,2008,328.20
19,12,2008,323.00
22,12,2008,333.20
23,12,2008,336.50
24,12,2008,331.50
25,12,2008,331.50
26,12,2008,334.20
29,12,2008,348.50
30,12,2008,344.60
31,12,2008,346.50
1,1,2009,346.50
2,1,2009,347.40
5,1,2009,338.80
6,1,2009,337.80
7,1,2009,338.70
8,1,2009,341.50
9,1,2009,334.50
12,1,2009,330.30
13,1,2009,331.90
14,1,2009,328.00
15,1,2009,324.70
16,1,2009,332.50
19,1,2009,331.30
20,1,2009,343.30
21,1,2009,341.00
22,1,2009,345.60
23,1,2009,352.70
26,1,2009,366.60
27,1,2009,359.20
28,1,2009,358.10
29,1,2009,357.40
30,1,2009,367.50
2,2,2009,367.30
3,2,2009,361.10
4,2,2009,361.30
5,2,2009,366.90
6,2,2009,363.40
9,2,2009,355.50
10,2,2009,362.40
11,2,2009,373.50
12,2,2009,376.70
13,2,2009,372.30
16,2,2009,376.40
17,2,2009,393.20
18,2,2009,393.50
19,2,2009,397.90
20,2,2009,402.10
23,2,2009,400.80
24,2,2009,401.30
25,2,2009,399.60
26,2,2009,386.30
27,2,2009,398.10
2,3,2009,397.80
3,3,2009,388.30
4,3,2009,382.90
5,3,2009,386.40
6,3,2009,395.60
9,3,2009,391.70
10,3,2009,382.30
11,3,2009,381.40
12,3,2009,392.60
13,3,2009,390.70
16,3,2009,386.40
17,3,2009,385.40
18,3,2009,374.60
19,3,2009,394.20
20,3,2009,395.10
23,3,2009,391.70
24,3,2009,383.10
25,3,2009,385.50
26,3,2009,388.00
27,3,2009,382.10
30,3,2009,388.50
31,3,2009,380.20
1,4,2009,383.50
2,4,2009,369.50
3,4,2009,372.50
6,4,2009,356.10
7,4,2009,360.00
8,4,2009,361.10
9,4,2009,360.00
10,4,2009,360.00
13,4,2009,359.20
14,4,2009,362.00
15,4,2009,361.90
16,4,2009,358.20
17,4,2009,354.90
20,4,2009,360.80
21,4,2009,366.80
22,4,2009,364.60
23,4,2009,366.30
24,4,2009,369.60
27,4,2009,372.90
28,4,2009,368.00
29,4,2009,367.50
30,4,2009,361.30
1,5,2009,361.90
4,5,2009,361.00
5,5,2009,366.80
6,5,2009,369.20
7,5,2009,367.60
8,5,2009,365.50
11,5,2009,369.70
12,5,2009,369.80
13,5,2009,375.60
14,5,2009,376.70
15,5,2009,375.30
18,5,2009,360.60
19,5,2009,361.30
20,5,2009,364.80
21,5,2009,363.20
22,5,2009,369.70
25,5,2009,371.10
26,5,2009,370.30
27,5,2009,370.90
28,5,2009,372.80
29,5,2009,375.80
1,6,2009,377.00
2,6,2009,376.80
3,6,2009,376.00
4,6,2009,374.70
5,6,2009,370.60
8,6,2009,367.00
9,6,2009,371.20
10,6,2009,368.50
11,6,2009,368.80
12,6,2009,364.90
15,6,2009,363.70
16,6,2009,364.60
17,6,2009,366.10
18,6,2009,370.70
19,6,2009,367.70
22,6,2009,365.50
23,6,2009,365.50
24,6,2009,370.60
25,6,2009,372.40
26,6,2009,370.40
29,6,2009,368.00
30,6,2009,366.00
1,7,2009,367.40
2,7,2009,364.50
3,7,2009,365.20
6,7,2009,367.20
7,7,2009,366.00
8,7,2009,367.00
9,7,2009,363.10
10,7,2009,365.80
13,7,2009,364.70
14,7,2009,370.30
15,7,2009,373.00
16,7,2009,372.10
17,7,2009,373.50
20,7,2009,375.50
21,7,2009,375.30
22,7,2009,376.20
23,7,2009,376.30
24,7,2009,375.20
27,7,2009,376.10
28,7,2009,372.20
29,7,2009,368.60
30,7,2009,368.70
31,7,2009,368.10
3,8,2009,373.80
4,8,2009,375.00
5,8,2009,373.30
6,8,2009,375.90
7,8,2009,374.00
10,8,2009,369.40
11,8,2009,369.70
12,8,2009,374.60
13,8,2009,375.10
14,8,2009,376.10
17,8,2009,373.40
18,8,2009,373.10
19,8,2009,376.20
20,8,2009,374.50
21,8,2009,378.60
24,8,2009,378.20
25,8,2009,378.90
26,8,2009,376.20
27,8,2009,377.10
28,8,2009,380.10
31,8,2009,381.40
1,9,2009,382.90
2,9,2009,386.30
3,9,2009,393.20
4,9,2009,395.30
7,9,2009,395.00
8,9,2009,396.60
9,9,2009,396.40
10,9,2009,394.00
11,9,2009,399.60
14,9,2009,398.20
15,9,2009,396.10
16,9,2009,400.60
17,9,2009,401.00
18,9,2009,398.30
21,9,2009,392.40
22,9,2009,397.70
23,9,2009,396.50
24,9,2009,395.90
25,9,2009,388.90
28,9,2009,389.00
29,9,2009,389.20
30,9,2009,391.70
1,10,2009,392.20
2,10,2009,391.70
5,10,2009,390.70
6,10,2009,398.20
7,10,2009,396.90
8,10,2009,396.00
9,10,2009,399.00
12,10,2009,402.50
13,10,2009,402.00
14,10,2009,399.70
15,10,2009,398.30
16,10,2009,396.50
19,10,2009,397.60
20,10,2009,400.30
21,10,2009,400.60
22,10,2009,402.40
23,10,2009,403.70
26,10,2009,402.00
27,10,2009,397.60
28,10,2009,399.40
29,10,2009,401.60
30,10,2009,399.40
2,11,2009,407.80
3,11,2009,411.20
4,11,2009,419.40
5,11,2009,418.70
6,11,2009,419.70
9,11,2009,420.40
10,11,2009,418.80
11,11,2009,422.30
12,11,2009,425.20
13,11,2009,418.10
16,11,2009,427.00
17,11,2009,429.70
18,11,2009,434.10
19,11,2009,433.50
20,11,2009,434.40
23,11,2009,444.40
24,11,2009,441.10
25,11,2009,445.70
26,11,2009,449.20
27,11,2009,444.90
30,11,2009,447.20
1,12,2009,451.60
2,12,2009,459.50
3,12,2009,455.40
4,12,2009,450.50
7,12,2009,435.00
8,12,2009,437.60
9,12,2009,434.10
10,12,2009,430.40
11,12,2009,427.60
14,12,2009,429.20
15,12,2009,428.60
16,12,2009,434.00
17,12,2009,428.20
18,12,2009,422.00
21,12,2009,423.40
22,12,2009,414.80
23,12,2009,415.90
24,12,2009,414.00
25,12,2009,414.00
28,12,2009,414.00
29,12,2009,422.00
30,12,2009,415.70
31,12,2009,413.80
1,1,2010,413.80
4,1,2010,424.50
5,1,2010,424.70
6,1,2010,423.70
7,1,2010,422.60
8,1,2010,421.50
11,1,2010,427.40
12,1,2010,430.30
13,1,2010,420.30
14,1,2010,424.60
15,1,2010,422.30
18,1,2010,423.40
19,1,2010,424.20
20,1,2010,420.80
21,1,2010,417.20
22,1,2010,408.60
25,1,2010,413.10
26,1,2010,412.30
27,1,2010,415.10
28,1,2010,412.40
29,1,2010,407.10
1,2,2010,412.00
2,2,2010,419.80
3,2,2010,419.20
4,2,2010,409.70
5,2,2010,404.20
8,2,2010,407.20
9,2,2010,408.70
10,2,2010,406.50
11,2,2010,408.50
12,2,2010,410.70
15,2,2010,416.00
16,2,2010,421.40
17,2,2010,421.80
18,2,2010,423.00
19,2,2010,421.30
22,2,2010,421.40
23,2,2010,418.60
24,2,2010,417.90
25,2,2010,415.30
26,2,2010,417.80
1,3,2010,419.90
2,3,2010,423.80
3,3,2010,425.80
4,3,2010,425.00
5,3,2010,423.20
8,3,2010,419.00
9,3,2010,416.20
10,3,2010,415.80
11,3,2010,411.80
12,3,2010,411.00
15,3,2010,411.60
16,3,2010,418.80
17,3,2010,415.60
18,3,2010,417.20
19,3,2010,411.30
22,3,2010,409.00
23,3,2010,410.70
24,3,2010,406.70
25,3,2010,406.70
26,3,2010,405.60
29,3,2010,407.10
30,3,2010,408.10
31,3,2010,409.50
1,4,2010,412.40
2,4,2010,412.40
5,4,2010,408.20
6,4,2010,411.70
7,4,2010,415.90
8,4,2010,417.30
9,4,2010,417.30
12,4,2010,421.20
13,4,2010,417.60
14,4,2010,419.60
15,4,2010,419.50
16,4,2010,417.30
19,4,2010,415.60
20,4,2010,416.50
21,4,2010,416.40
22,4,2010,412.80
23,4,2010,414.00
26,4,2010,419.10
27,4,2010,417.70
28,4,2010,423.80
29,4,2010,424.70
30,4,2010,427.70
3,5,2010,429.30
4,5,2010,432.30
5,5,2010,428.10
6,5,2010,439.10
7,5,2010,447.10
10,5,2010,438.80
11,5,2010,452.60
12,5,2010,456.50
13,5,2010,456.10
14,5,2010,457.10
17,5,2010,461.00
18,5,2010,453.60
19,5,2010,453.00
20,5,2010,456.30
21,5,2010,452.80
24,5,2010,455.90
25,5,2010,467.40
26,5,2010,468.70
27,5,2010,468.30
28,5,2010,457.60
31,5,2010,457.80
1,6,2010,473.40
2,6,2010,466.80
3,6,2010,463.50
4,6,2010,461.10
7,6,2010,467.80
8,6,2010,478.10
9,6,2010,474.20
10,6,2010,467.40
11,6,2010,467.10
14,6,2010,465.20
15,6,2010,466.30
16,6,2010,470.10
17,6,2010,471.40
18,6,2010,473.90
21,6,2010,469.30
22,6,2010,467.40
23,6,2010,463.10
24,6,2010,470.00
25,6,2010,474.50
28,6,2010,476.40
29,6,2010,469.20
30,6,2010,472.40
1,7,2010,470.00
2,7,2010,459.40
5,7,2010,462.00
6,7,2010,458.30
7,7,2010,458.80
8,7,2010,457.30
9,7,2010,461.20
12,7,2010,460.90
13,7,2010,464.80
14,7,2010,460.90
15,7,2010,460.40
16,7,2010,454.90
19,7,2010,455.00
20,7,2010,458.10
21,7,2010,459.50
22,7,2010,462.20
23,7,2010,456.90
26,7,2010,455.30
27,7,2010,445.60
28,7,2010,442.40
29,7,2010,442.30
30,7,2010,443.60
2,8,2010,449.40
3,8,2010,448.20
4,8,2010,452.80
5,8,2010,450.30
6,8,2010,455.80
9,8,2010,453.70
10,8,2010,452.50
11,8,2010,460.40
12,8,2010,463.90
13,8,2010,464.30
16,8,2010,468.20
17,8,2010,467.60
18,8,2010,463.70
19,8,2010,469.60
20,8,2010,466.90
23,8,2010,467.80
24,8,2010,468.90
25,8,2010,474.60
26,8,2010,473.80
27,8,2010,473.70
30,8,2010,473.80
31,8,2010,479.20
1,9,2010,477.10
2,9,2010,477.00
3,9,2010,472.60
6,9,2010,475.20
7,9,2010,481.30
8,9,2010,478.70
9,9,2010,476.80
10,9,2010,473.60
13,9,2010,471.80
14,9,2010,480.60
15,9,2010,480.10
16,9,2010,480.10
17,9,2010,478.00
20,9,2010,478.00
21,9,2010,476.20
22,9,2010,482.10
23,9,2010,481.70
24,9,2010,479.90
27,9,2010,477.30
28,9,2010,477.80
29,9,2010,480.40
30,9,2010,480.20
1,10,2010,478.60
4,10,2010,478.80
5,10,2010,485.80
6,10,2010,489.90
7,10,2010,486.10
8,10,2010,487.30
11,10,2010,490.80
12,10,2010,492.50
13,10,2010,497.00
14,10,2010,495.20
15,10,2010,493.30
18,10,2010,496.00
19,10,2010,485.60
20,10,2010,485.50
21,10,2010,486.60
22,10,2010,482.20
25,10,2010,485.10
26,10,2010,483.10
27,10,2010,481.40
28,10,2010,485.50
29,10,2010,489.20
1,11,2010,492.50
2,11,2010,490.10
3,11,2010,488.00
4,11,2010,499.30
5,11,2010,504.50
8,11,2010,504.40
9,11,2010,514.90
10,11,2010,503.70
11,11,2010,506.70
12,11,2010,508.00
15,11,2010,506.10
16,11,2010,499.80
17,11,2010,495.60
18,11,2010,499.30
19,11,2010,497.20
22,11,2010,503.70
23,11,2010,513.30
24,11,2010,512.90
25,11,2010,511.10
26,11,2010,507.90
29,11,2010,509.70
30,11,2010,519.10
1,12,2010,514.00
2,12,2010,514.20
3,12,2010,517.70
6,12,2010,520.30
7,12,2010,518.40
8,12,2010,510.70
9,12,2010,514.30
10,12,2010,506.60
13,12,2010,516.20
14,12,2010,512.50
15,12,2010,515.50
16,12,2010,505.30
17,12,2010,507.40
20,12,2010,513.10
21,12,2010,511.50
22,12,2010,511.40
23,12,2010,507.20
24,12,2010,506.90
27,12,2010,508.10
28,12,2010,506.40
29,12,2010,520.20
30,12,2010,516.60
31,12,2010,513.90
3,1,2011,514.00
4,1,2011,510.70
5,1,2011,507.00
6,1,2011,506.30
7,1,2011,507.30
10,1,2011,508.50
11,1,2011,507.60
12,1,2011,508.80
13,1,2011,511.00
14,1,2011,507.30
17,1,2011,506.40
18,1,2011,508.40
19,1,2011,509.90
20,1,2011,500.90
21,1,2011,501.10
24,1,2011,501.80
25,1,2011,494.70
26,1,2011,496.20
27,1,2011,497.70
28,1,2011,493.60
31,1,2011,498.10
1,2,2011,498.20
2,2,2011,498.80
3,2,2011,495.30
4,2,2011,505.10
7,2,2011,501.10
8,2,2011,505.00
9,2,2011,507.60
10,2,2011,506.00
11,2,2011,509.50
14,2,2011,507.80
15,2,2011,510.80
16,2,2011,510.30
17,2,2011,511.20
18,2,2011,511.40
21,2,2011,516.10
22,2,2011,518.50
23,2,2011,520.00
24,2,2011,524.80
25,2,2011,519.80
28,2,2011,522.20
1,3,2011,522.10
2,3,2011,527.50
3,3,2011,523.50
4,3,2011,524.90
7,3,2011,529.50
8,3,2011,525.70
9,3,2011,526.60
10,3,2011,522.00
11,3,2011,522.20
14,3,2011,524.10
15,3,2011,518.10
16,3,2011,517.20
17,3,2011,518.60
18,3,2011,523.90
21,3,2011,527.00
22,3,2011,524.30
23,3,2011,527.90
24,3,2011,529.40
25,3,2011,524.50
28,3,2011,519.50
29,3,2011,518.70
30,3,2011,521.60
31,3,2011,524.70
1,4,2011,517.00
4,4,2011,523.40
5,4,2011,520.70
6,4,2011,527.80
7,4,2011,527.50
8,4,2011,529.50
11,4,2011,532.80
12,4,2011,526.50
13,4,2011,530.40
14,4,2011,533.40
15,4,2011,535.30
18,4,2011,542.70
19,4,2011,542.10
20,4,2011,544.00
21,4,2011,545.80
22,4,2011,545.80
25,4,2011,547.00
26,4,2011,545.00
27,4,2011,549.00
28,4,2011,557.90
29,4,2011,555.10
2,5,2011,556.60
3,5,2011,560.60
4,5,2011,560.30
5,5,2011,553.10
6,5,2011,544.40
9,5,2011,548.80
10,5,2011,553.80
11,5,2011,551.00
12,5,2011,547.90
13,5,2011,552.40
16,5,2011,554.10
17,5,2011,545.90
18,5,2011,551.40
19,5,2011,549.00
20,5,2011,548.40
23,5,2011,558.60
24,5,2011,564.50
25,5,2011,565.80
26,5,2011,562.50
27,5,2011,566.10
30,5,2011,565.00
31,5,2011,565.90
1,6,2011,562.40
2,6,2011,564.20
3,6,2011,564.20
6,6,2011,566.80
7,6,2011,564.40
8,6,2011,562.20
9,6,2011,562.50
10,6,2011,559.20
13,6,2011,559.90
14,6,2011,554.60
15,6,2011,560.10
16,6,2011,559.30
17,6,2011,564.00
20,6,2011,568.10
21,6,2011,566.50
22,6,2011,569.80
23,6,2011,559.80
24,6,2011,557.30
27,6,2011,551.60
28,6,2011,552.00
29,6,2011,551.70
30,6,2011,550.30
1,7,2011,540.60
4,7,2011,543.10
5,7,2011,548.10
6,7,2011,555.40
7,7,2011,554.90
8,7,2011,558.70
11,7,2011,565.80
12,7,2011,566.70
13,7,2011,574.80
14,7,2011,578.70
15,7,2011,577.60
18,7,2011,582.70
19,7,2011,582.50
20,7,2011,576.40
21,7,2011,582.60
22,7,2011,581.00
25,7,2011,585.80
26,7,2011,582.60
27,7,2011,585.70
28,7,2011,581.50
29,7,2011,588.40
1,8,2011,585.00
2,8,2011,592.90
3,8,2011,604.80
4,8,2011,611.70
5,8,2011,606.70
8,8,2011,622.50
9,8,2011,641.70
10,8,2011,655.70
11,8,2011,653.50
12,8,2011,643.60
15,8,2011,644.70
16,8,2011,661.50
17,8,2011,664.60
18,8,2011,682.20
19,8,2011,691.20
22,8,2011,701.00
23,8,2011,699.90
24,8,2011,665.90
25,8,2011,650.90
26,8,2011,674.80
29,8,2011,673.20
30,8,2011,687.20
31,8,2011,682.80
1,9,2011,685.60
2,9,2011,702.00
5,9,2011,712.60
6,9,2011,714.40
7,9,2011,683.20
8,9,2011,700.60
9,9,2011,704.70
12,9,2011,708.10
13,9,2011,708.30
14,9,2011,708.30
15,9,2011,693.00
16,9,2011,693.30
19,9,2011,701.30
20,9,2011,706.90
21,9,2011,708.50
22,9,2011,698.00
23,9,2011,682.70
26,9,2011,646.10
27,9,2011,665.60
28,9,2011,655.00
29,9,2011,645.90
30,9,2011,648.70
3,10,2011,665.40
4,10,2011,661.70
5,10,2011,652.40
6,10,2011,659.70
7,10,2011,664.00
10,10,2011,665.10
11,10,2011,670.90
12,10,2011,673.30
13,10,2011,665.20
14,10,2011,672.50
17,10,2011,673.30
18,10,2011,657.40
19,10,2011,664.20
20,10,2011,659.70
21,10,2011,671.80
24,10,2011,673.00
25,10,2011,670.30
26,10,2011,694.20
27,10,2011,695.40
28,10,2011,694.00
31,10,2011,685.60
1,11,2011,684.50
2,11,2011,701.00
3,11,2011,706.40
4,11,2011,702.20
7,11,2011,715.50
8,11,2011,726.20
9,11,2011,732.00
10,11,2011,720.50
11,11,2011,726.60
14,11,2011,730.30
15,11,2011,739.40
16,11,2011,728.60
17,11,2011,725.30
18,11,2011,721.60
21,11,2011,725.90
22,11,2011,726.50
23,11,2011,719.70
24,11,2011,720.60
25,11,2011,721.10
28,11,2011,728.20
29,11,2011,730.40
30,11,2011,745.30
1,12,2011,737.20
2,12,2011,731.40
5,12,2011,733.10
6,12,2011,718.00
7,12,2011,733.90
8,12,2011,725.70
9,12,2011,727.10
12,12,2011,717.00
13,12,2011,727.90
14,12,2011,704.00
15,12,2011,690.40
16,12,2011,687.00
19,12,2011,689.70
20,12,2011,697.60
21,12,2011,690.40
22,12,2011,692.60
23,12,2011,695.70
26,12,2011,695.70
27,12,2011,696.60
28,12,2011,680.60
29,12,2011,664.10
30,12,2011,664.80
2,1,2012,664.80
3,1,2012,695.30
4,1,2012,698.40
5,1,2012,692.70
6,1,2012,696.80
9,1,2012,693.30
10,1,2012,692.10
11,1,2012,693.70
12,1,2012,700.80
13,1,2012,689.20
16,1,2012,689.20
17,1,2012,687.00
18,1,2012,678.40
19,1,2012,680.00
20,1,2012,680.20
23,1,2012,686.30
24,1,2012,681.90
25,1,2012,676.10
26,1,2012,707.70
27,1,2012,695.90
30,1,2012,704.00
31,1,2012,705.10
1,2,2012,701.00
2,2,2012,703.70
3,2,2012,690.30
6,2,2012,689.50
7,2,2012,693.60
8,2,2012,701.70
9,2,2012,707.50
10,2,2012,691.40
13,2,2012,691.80
14,2,2012,695.00
15,2,2012,698.40
16,2,2012,690.40
17,2,2012,694.20
20,2,2012,698.20
21,2,2012,704.80
22,2,2012,705.10
23,2,2012,714.80
24,2,2012,711.20
27,2,2012,713.20
28,2,2012,714.60
29,2,2012,709.30
1,3,2012,689.70
2,3,2012,690.90
5,3,2012,694.80
6,3,2012,687.30
7,3,2012,689.70
8,3,2012,694.80
9,3,2012,687.70
12,3,2012,693.60
13,3,2012,689.90
14,3,2012,671.10
15,3,2012,678.90
16,3,2012,680.30
19,3,2012,682.40
20,3,2012,682.70
21,3,2012,683.20
22,3,2012,684.30
23,3,2012,696.30
26,3,2012,705.20
27,3,2012,702.30
28,3,2012,696.60
29,3,2012,695.70
30,3,2012,692.50
2,4,2012,698.80
3,4,2012,694.70
4,4,2012,676.90
5,4,2012,681.10
6,4,2012,681.10
9,4,2012,684.10
10,4,2012,690.40
11,4,2012,697.30
12,4,2012,702.20
13,4,2012,700.80
16,4,2012,698.40
17,4,2012,689.60
18,4,2012,695.30
19,4,2012,701.50
20,4,2012,699.20
23,4,2012,699.80
24,4,2012,711.70
25,4,2012,704.40
26,4,2012,710.30
27,4,2012,714.90
30,4,2012,711.50
1,5,2012,717.00
2,5,2012,714.00
3,5,2012,715.70
4,5,2012,719.90
7,5,2012,711.00
8,5,2012,697.40
9,5,2012,695.00
10,5,2012,697.70
11,5,2012,693.20
14,5,2012,686.10
15,5,2012,684.80
16,5,2012,689.90
17,5,2012,693.20
18,5,2012,708.00
21,5,2012,715.80
22,5,2012,717.30
23,5,2012,710.40
24,5,2012,715.40
25,5,2012,711.00
28,5,2012,710.40
29,5,2012,720.80
30,5,2012,706.70
31,5,2012,715.40
1,6,2012,733.90
4,6,2012,729.20
5,6,2012,730.70
6,6,2012,740.60
7,6,2012,723.70
8,6,2012,715.50
11,6,2012,722.20
12,6,2012,730.50
13,6,2012,736.00
14,6,2012,736.90
15,6,2012,740.80
18,6,2012,739.60
19,6,2012,744.20
20,6,2012,734.00
21,6,2012,729.10
22,6,2012,731.80
25,6,2012,732.90
26,6,2012,735.00
27,6,2012,735.70
28,6,2012,725.90
29,6,2012,729.80
2,7,2012,723.70
3,7,2012,722.80
4,7,2012,718.30
5,7,2012,723.10
6,7,2012,721.40
9,7,2012,724.20
10,7,2012,722.40
11,7,2012,714.60
12,7,2012,710.90
13,7,2012,719.70
16,7,2012,718.50
17,7,2012,714.80
18,7,2012,714.30
19,7,2012,714.30
20,7,2012,711.60
23,7,2012,718.90
24,7,2012,727.10
25,7,2012,735.20
26,7,2012,737.60
27,7,2012,732.20
30,7,2012,733.90
31,7,2012,737.60
1,8,2012,725.40
2,8,2012,729.10
3,8,2012,730.30
6,8,2012,730.10
7,8,2012,726.50
8,8,2012,729.20
9,8,2012,730.60
10,8,2012,732.10
13,8,2012,735.20
14,8,2012,728.30
15,8,2012,730.10
16,8,2012,733.50
17,8,2012,735.10
20,8,2012,735.20
21,8,2012,744.30
22,8,2012,744.90
23,8,2012,752.70
24,8,2012,756.10
27,8,2012,758.90
28,8,2012,760.00
29,8,2012,755.00
30,8,2012,755.10
31,8,2012,749.80
3,9,2012,768.10
4,9,2012,772.10
5,9,2012,771.90
6,9,2012,775.20
7,9,2012,783.00
10,9,2012,785.50
11,9,2012,786.30
12,9,2012,784.00
13,9,2012,785.30
14,9,2012,790.00
17,9,2012,779.00
18,9,2012,782.10
19,9,2012,780.90
20,9,2012,780.80
21,9,2012,780.80
24,9,2012,771.10
25,9,2012,774.30
26,9,2012,763.60
27,9,2012,767.20
28,9,2012,765.90
1,10,2012,768.90
2,10,2012,764.00
3,10,2012,758.10
4,10,2012,759.80
5,10,2012,756.80
8,10,2012,760.90
9,10,2012,766.20
10,10,2012,765.20
11,10,2012,761.80
12,10,2012,764.00
15,10,2012,752.70
16,10,2012,756.30
17,10,2012,756.30
18,10,2012,757.10
19,10,2012,764.60
22,10,2012,756.40
23,10,2012,752.70
24,10,2012,750.70
25,10,2012,752.90
26,10,2012,753.10
29,10,2012,753.60
30,10,2012,755.60
31,10,2012,756.10
1,11,2012,754.40
2,11,2012,740.60
5,11,2012,750.90
6,11,2012,752.60
7,11,2012,758.20
8,11,2012,765.20
9,11,2012,778.20
12,11,2012,779.90
13,11,2012,775.90
14,11,2012,775.60
15,11,2012,766.10
16,11,2012,771.80
19,11,2012,779.10
20,11,2012,780.30
21,11,2012,776.90
22,11,2012,781.60
23,11,2012,788.30
26,11,2012,797.90
27,11,2012,792.80
28,11,2012,775.40
29,11,2012,774.70
30,11,2012,767.60
3,12,2012,768.90
4,12,2012,758.50
5,12,2012,755.90
6,12,2012,749.40
7,12,2012,757.90
10,12,2012,763.30
11,12,2012,759.10
12,12,2012,761.20
13,12,2012,753.40
14,12,2012,756.60
17,12,2012,759.70
18,12,2012,760.40
19,12,2012,743.30
20,12,2012,740.40
21,12,2012,744.10
24,12,2012,742.20
25,12,2012,742.20
26,12,2012,740.70
27,12,2012,743.90
28,12,2012,742.80
31,12,2012,742.50
1,1,2013,742.50
2,1,2013,753.60
3,1,2013,749.40
4,1,2013,742.70
7,1,2013,743.30
8,1,2013,745.70
9,1,2013,743.50
10,1,2013,748.70
11,1,2013,742.50
14,1,2013,742.00
15,1,2013,750.20
16,1,2013,750.70
17,1,2013,743.50
18,1,2013,743.00
21,1,2013,743.20
22,1,2013,743.80
23,1,2013,741.90
24,1,2013,733.60
25,1,2013,728.80
28,1,2013,730.10
29,1,2013,731.00
30,1,2013,732.40
31,1,2013,724.00
1,2,2013,725.90
4,2,2013,725.40
5,2,2013,726.90
6,2,2013,728.70
7,2,2013,726.70
8,2,2013,730.40
11,2,2013,726.20
12,2,2013,726.50
13,2,2013,723.40
14,2,2013,725.30
15,2,2013,714.10
18,2,2013,714.80
19,2,2013,713.50
20,2,2013,702.50
21,2,2013,702.70
22,2,2013,698.60
25,2,2013,698.90
26,2,2013,704.30
27,2,2013,706.70
28,2,2013,706.60
1,3,2013,710.30
4,3,2013,706.30
5,3,2013,708.40
6,3,2013,705.00
7,3,2013,704.30
8,3,2013,702.50
11,3,2013,702.50
12,3,2013,708.00
13,3,2013,706.00
14,3,2013,704.30
15,3,2013,705.00
18,3,2013,710.80
19,3,2013,716.70
20,3,2013,714.00
21,3,2013,716.40
22,3,2013,714.30
25,3,2013,708.50
26,3,2013,710.50
27,3,2013,712.70
28,3,2013,710.20
29,3,2013,710.20
1,4,2013,710.20
2,4,2013,702.80
3,4,2013,700.90
4,4,2013,693.50
5,4,2013,703.00
8,4,2013,702.50
9,4,2013,704.50
10,4,2013,702.40
11,4,2013,697.90
12,4,2013,685.10
15,4,2013,623.10
16,4,2013,611.80
17,4,2013,616.40
18,4,2013,616.20
19,4,2013,621.40
22,4,2013,631.10
23,4,2013,626.00
24,4,2013,635.10
25,4,2013,642.90
26,4,2013,654.50
29,4,2013,651.10
30,4,2013,647.10
1,5,2013,640.80
2,5,2013,647.00
3,5,2013,648.20
6,5,2013,651.40
7,5,2013,638.80
8,5,2013,649.70
9,5,2013,649.80
10,5,2013,637.80
13,5,2013,641.10
14,5,2013,642.20
15,5,2013,632.70
16,5,2013,618.80
17,5,2013,614.10
20,5,2013,610.40
21,5,2013,615.10
22,5,2013,639.90
23,5,2013,628.00
24,5,2013,632.10
27,5,2013,631.60
28,5,2013,629.40
29,5,2013,635.10
30,5,2013,650.00
31,5,2013,644.00
3,6,2013,651.30
4,6,2013,645.90
5,6,2013,651.70
6,6,2013,651.20
7,6,2013,646.80
10,6,2013,655.00
11,6,2013,657.30
12,6,2013,653.10
13,6,2013,657.30
14,6,2013,654.70
17,6,2013,654.30
18,6,2013,656.70
19,6,2013,659.30
20,6,2013,631.40
21,6,2013,626.70
24,6,2013,628.90
25,6,2013,624.20
26,6,2013,612.20
27,6,2013,607.40
28,6,2013,579.20
1,7,2013,603.90
2,7,2013,611.10
3,7,2013,616.00
4,7,2013,615.30
5,7,2013,598.90
8,7,2013,614.70
9,7,2013,619.30
10,7,2013,616.00
11,7,2013,628.10
12,7,2013,627.00
15,7,2013,628.80
16,7,2013,625.30
17,7,2013,631.00
18,7,2013,625.40
19,7,2013,631.80
22,7,2013,646.30
23,7,2013,651.60
24,7,2013,645.00
25,7,2013,641.00
26,7,2013,641.90
29,7,2013,645.50
30,7,2013,653.50
31,7,2013,653.50
1,8,2013,648.00
2,8,2013,652.00
5,8,2013,649.40
6,8,2013,643.30
7,8,2013,641.80
8,8,2013,646.10
9,8,2013,651.40
12,8,2013,670.40
13,8,2013,663.50
14,8,2013,666.20
15,8,2013,667.80
16,8,2013,690.90
19,8,2013,702.50
20,8,2013,713.20
21,8,2013,716.50
22,8,2013,728.10
23,8,2013,720.90
26,8,2013,726.30
27,8,2013,765.50
28,8,2013,790.90
29,8,2013,768.80
30,8,2013,753.50
2,9,2013,752.50
3,9,2013,777.80
4,9,2013,760.80
5,9,2013,749.30
6,9,2013,740.60
9,9,2013,742.20
10,9,2013,710.30
11,9,2013,705.90
12,9,2013,691.30
13,9,2013,683.40
16,9,2013,680.20
17,9,2013,678.40
18,9,2013,673.00
19,9,2013,691.50
20,9,2013,687.70
23,9,2013,676.00
24,9,2013,674.10
25,9,2013,674.40
26,9,2013,676.50
27,9,2013,684.80
30,9,2013,679.00
1,10,2013,658.90
2,10,2013,666.80
3,10,2013,664.60
4,10,2013,660.60
7,10,2013,669.30
8,10,2013,672.50
9,10,2013,660.10
10,10,2013,653.90
11,10,2013,632.60
14,10,2013,646.10
15,10,2013,642.60
16,10,2013,644.20
17,10,2013,661.10
18,10,2013,659.30
21,10,2013,662.50
22,10,2013,672.00
23,10,2013,670.50
24,10,2013,675.30
25,10,2013,678.80
28,10,2013,684.40
29,10,2013,677.30
30,10,2013,679.00
31,10,2013,665.30
1,11,2013,660.80
4,11,2013,667.70
5,11,2013,659.20
6,11,2013,672.10
7,11,2013,669.00
8,11,2013,659.30
11,11,2013,663.50
12,11,2013,666.70
13,11,2013,660.50
14,11,2013,665.20
15,11,2013,665.80
18,11,2013,655.30
19,11,2013,649.80
20,11,2013,642.80
21,11,2013,637.80
22,11,2013,640.80
25,11,2013,634.80
26,11,2013,637.10
27,11,2013,633.60
28,11,2013,635.50
29,11,2013,640.20
2,12,2013,625.90
3,12,2013,620.60
4,12,2013,624.00
5,12,2013,617.50
6,12,2013,621.30
9,12,2013,618.00
10,12,2013,632.50
11,12,2013,631.70
12,12,2013,618.30
13,12,2013,626.20
16,12,2013,625.10
17,12,2013,624.10
18,12,2013,623.80
19,12,2013,607.60
20,12,2013,607.30
23,12,2013,607.60
24,12,2013,607.10
25,12,2013,607.10
26,12,2013,608.50
27,12,2013,614.90
30,12,2013,610.20
31,12,2013,609.20
1,1,2014,609.20
2,1,2014,623.10
3,1,2014,627.90
6,1,2014,635.30
7,1,2014,625.50
8,1,2014,620.70
9,1,2014,622.20
10,1,2014,630.20
13,1,2014,628.30
14,1,2014,630.10
15,1,2014,622.10
16,1,2014,624.90
17,1,2014,628.30
20,1,2014,632.40
21,1,2014,626.20
22,1,2014,627.50
23,1,2014,639.80
24,1,2014,647.40
27,1,2014,651.80
28,1,2014,641.00
29,1,2014,645.50
30,1,2014,636.70
31,1,2014,640.90
3,2,2014,646.90
4,2,2014,640.10
5,2,2014,641.40
6,2,2014,642.30
7,2,2014,642.10
10,2,2014,651.10
11,2,2014,652.70
12,2,2014,654.70
13,2,2014,660.90
14,2,2014,670.10
17,2,2014,672.30
18,2,2014,672.00
19,2,2014,671.90
20,2,2014,670.00
21,2,2014,671.60
24,2,2014,677.10
25,2,2014,678.60
26,2,2014,675.30
27,2,2014,675.50
28,2,2014,672.20
3,3,2014,684.40
4,3,2014,676.00
5,3,2014,674.40
6,3,2014,673.70
7,3,2014,667.00
10,3,2014,669.00
11,3,2014,670.50
12,3,2014,683.20
13,3,2014,684.20
14,3,2014,692.70
17,3,2014,689.40
18,3,2014,677.10
19,3,2014,667.40
20,3,2014,664.60
21,3,2014,666.80
24,3,2014,651.70
25,3,2014,649.50
26,3,2014,641.10
27,3,2014,638.10
28,3,2014,632.20
31,3,2014,630.80
1,4,2014,626.90
2,4,2014,631.80
3,4,2014,632.00
4,4,2014,638.40
7,4,2014,638.30
8,4,2014,643.50
9,4,2014,639.80
10,4,2014,649.10
11,4,2014,649.10
14,4,2014,652.90
15,4,2014,639.30
16,4,2014,642.30
17,4,2014,641.50
18,4,2014,641.50
21,4,2014,642.30
22,4,2014,640.60
23,4,2014,641.60
24,4,2014,644.70
25,4,2014,645.30
28,4,2014,643.20
29,4,2014,641.10
30,4,2014,635.40
1,5,2014,630.50
2,5,2014,630.80
5,5,2014,630.40
6,5,2014,641.60
7,5,2014,636.40
8,5,2014,631.40
9,5,2014,633.40
12,5,2014,635.70
13,5,2014,633.70
14,5,2014,638.00
15,5,2014,628.20
16,5,2014,623.30
19,5,2014,622.60
20,5,2014,622.40
21,5,2014,618.60
22,5,2014,621.20
23,5,2014,616.20
26,5,2014,620.70
27,5,2014,615.60
28,5,2014,608.20
29,5,2014,605.60
30,5,2014,604.20
2,6,2014,602.70
3,6,2014,603.10
4,6,2014,604.20
5,6,2014,607.40
6,6,2014,603.50
9,6,2014,606.30
10,6,2014,610.50
11,6,2014,611.70
12,6,2014,613.50
13,6,2014,621.70
16,6,2014,626.80
17,6,2014,623.10
18,6,2014,627.00
19,6,2014,635.50
20,6,2014,645.60
23,6,2014,646.50
24,6,2014,647.90
25,6,2014,647.90
26,6,2014,645.20
27,6,2014,647.30
30,6,2014,646.70
1,7,2014,652.20
2,7,2014,647.20
3,7,2014,644.50
4,7,2014,645.20
7,7,2014,644.40
8,7,2014,647.10
9,7,2014,646.60
10,7,2014,657.30
11,7,2014,655.60
14,7,2014,642.10
15,7,2014,644.10
16,7,2014,639.90
17,7,2014,640.40
18,7,2014,644.80
21,7,2014,646.70
22,7,2014,645.50
23,7,2014,642.60
24,7,2014,635.20
25,7,2014,636.40
28,7,2014,641.40
29,7,2014,638.80
30,7,2014,636.00
31,7,2014,636.00
1,8,2014,644.80
4,8,2014,643.60
5,8,2014,638.80
6,8,2014,656.40
7,8,2014,654.00
8,8,2014,656.20
11,8,2014,653.90
12,8,2014,657.40
13,8,2014,657.10
14,8,2014,653.10
15,8,2014,644.40
18,8,2014,644.80
19,8,2014,643.60
20,8,2014,641.90
21,8,2014,632.80
22,8,2014,632.10
25,8,2014,632.30
26,8,2014,636.00
27,8,2014,634.10
28,8,2014,641.00
29,8,2014,637.90
1,9,2014,636.40
2,9,2014,628.30
3,9,2014,625.70
4,9,2014,628.60
5,9,2014,625.30
8,9,2014,620.40
9,9,2014,621.70
10,9,2014,622.90
11,9,2014,617.60
12,9,2014,611.40
15,9,2014,616.60
16,9,2014,615.60
17,9,2014,615.50
18,9,2014,607.60
19,9,2014,607.00
22,9,2014,603.60
23,9,2014,609.40
24,9,2014,606.60
25,9,2014,609.20
26,9,2014,607.00
29,9,2014,613.20
30,9,2014,614.30
1,10,2014,613.00
2,10,2014,610.60
3,10,2014,602.10
6,10,2014,602.50
7,10,2014,608.30
8,10,2014,610.80
9,10,2014,612.10
10,10,2014,610.80
13,10,2014,614.90
14,10,2014,619.70
15,10,2014,621.10
16,10,2014,625.70
17,10,2014,620.10
20,10,2014,624.20
21,10,2014,627.10
22,10,2014,622.50
23,10,2014,617.00
24,10,2014,617.00
27,10,2014,616.30
28,10,2014,616.40
29,10,2014,613.40
30,10,2014,604.10
31,10,2014,584.50
3,11,2014,586.40
4,11,2014,585.80
5,11,2014,573.70
6,11,2014,575.20
7,11,2014,581.80
10,11,2014,584.00
11,11,2014,582.60
12,11,2014,585.50
13,11,2014,584.70
14,11,2014,590.40
17,11,2014,597.00
18,11,2014,602.10
19,11,2014,605.90
20,11,2014,602.90
21,11,2014,608.30
24,11,2014,606.60
25,11,2014,606.70
26,11,2014,605.90
27,11,2014,604.50
28,11,2014,600.10
1,12,2014,606.10
2,12,2014,605.00
3,12,2014,609.30
4,12,2014,612.00
5,12,2014,604.00
8,12,2014,603.60
9,12,2014,621.00
10,12,2014,623.40
11,12,2014,619.80
12,12,2014,619.90
15,12,2014,622.00
16,12,2014,624.00
17,12,2014,621.60
18,12,2014,619.20
19,12,2014,618.60
22,12,2014,618.20
23,12,2014,608.50
24,12,2014,610.80
25,12,2014,610.80
26,12,2014,611.80
29,12,2014,617.50
30,12,2014,625.00
31,12,2014,622.40
1,1,2015,622.40
2,1,2015,606.60
5,1,2015,621.50
6,1,2015,629.60
7,1,2015,626.10
8,1,2015,623.50
9,1,2015,621.20
12,1,2015,624.10
13,1,2015,625.70
14,1,2015,627.80
15,1,2015,638.20
16,1,2015,647.70
19,1,2015,643.10
20,1,2015,650.30
21,1,2015,651.70
22,1,2015,653.40
23,1,2015,651.40
26,1,2015,644.60
27,1,2015,647.00
28,1,2015,646.00
29,1,2015,641.30
30,1,2015,638.20
2,2,2015,643.70
3,2,2015,637.90
4,2,2015,641.10
5,2,2015,635.40
6,2,2015,626.30
9,2,2015,629.40
10,2,2015,626.70
11,2,2015,623.00
12,2,2015,622.30
13,2,2015,626.40
16,2,2015,625.30
17,2,2015,615.30
18,2,2015,614.70
19,2,2015,616.50
20,2,2015,614.60
23,2,2015,613.00
24,2,2015,607.30
25,2,2015,610.80
26,2,2015,610.00
27,2,2015,613.50
2,3,2015,614.20
3,3,2015,613.80
4,3,2015,609.60
5,3,2015,611.40
6,3,2015,598.00
9,3,2015,597.60
10,3,2015,595.50
11,3,2015,590.60
12,3,2015,589.30
13,3,2015,593.20
16,3,2015,591.30
17,3,2015,590.00
18,3,2015,588.30
19,3,2015,596.20
20,3,2015,604.20
23,3,2015,603.90
24,3,2015,606.20
25,3,2015,609.80
26,3,2015,617.20
27,3,2015,610.80
30,3,2015,607.30
31,3,2015,607.40
1,4,2015,612.50
2,4,2015,613.30
3,4,2015,613.30
6,4,2015,609.80
7,4,2015,616.90
8,4,2015,614.50
9,4,2015,608.00
10,4,2015,615.00
13,4,2015,612.60
14,4,2015,610.50
15,4,2015,609.00
16,4,2015,613.40
17,4,2015,613.40
20,4,2015,615.20
21,4,2015,614.40
22,4,2015,611.20
23,4,2015,612.90
24,4,2015,615.10
27,4,2015,623.20
28,4,2015,624.00
29,4,2015,625.90
30,4,2015,612.90
1,5,2015,610.70
4,5,2015,610.70
5,5,2015,621.10
6,5,2015,620.30
7,5,2015,623.60
8,5,2015,620.20
11,5,2015,621.60
12,5,2015,625.10
13,5,2015,633.40
14,5,2015,637.70
15,5,2015,633.90
18,5,2015,636.80
19,5,2015,632.40
20,5,2015,631.90
21,5,2015,627.20
22,5,2015,625.50
25,5,2015,625.50
26,5,2015,620.30
27,5,2015,621.10
28,5,2015,618.40
29,5,2015,622.10
1,6,2015,624.90
2,6,2015,623.00
3,6,2015,621.90
4,6,2015,615.50
5,6,2015,607.60
8,6,2015,614.90
9,6,2015,615.50
10,6,2015,620.30
11,6,2015,616.50
12,6,2015,620.20
15,6,2015,619.20
16,6,2015,619.00
17,6,2015,618.00
18,6,2015,627.00
19,6,2015,625.30
22,6,2015,615.80
23,6,2015,612.50
24,6,2015,610.70
25,6,2015,609.80
26,6,2015,608.70
29,6,2015,614.40
30,6,2015,609.70
1,7,2015,607.50
2,7,2015,605.20
3,7,2015,606.00
6,7,2015,605.10
7,7,2015,600.10
8,7,2015,602.40
9,7,2015,604.00
10,7,2015,600.80
13,7,2015,599.10
14,7,2015,600.40
15,7,2015,595.10
16,7,2015,594.40
17,7,2015,587.80
20,7,2015,574.50
21,7,2015,574.70
22,7,2015,566.00
23,7,2015,572.30
24,7,2015,565.60
27,7,2015,577.30
28,7,2015,573.20
29,7,2015,569.20
30,7,2015,569.20
31,7,2015,575.80
3,8,2015,571.70
4,8,2015,568.80
5,8,2015,565.60
6,8,2015,568.30
7,8,2015,570.70
10,8,2015,572.80
11,8,2015,582.20
12,8,2015,592.90
13,8,2015,594.90
14,8,2015,594.40
17,8,2015,597.40
18,8,2015,593.50
19,8,2015,599.90
20,8,2015,615.00
21,8,2015,622.90
24,8,2015,636.00
25,8,2015,613.20
26,8,2015,606.10
27,8,2015,603.80
28,8,2015,613.60
31,8,2015,616.90
1,9,2015,618.70
2,9,2015,615.80
3,9,2015,610.90
4,9,2015,607.90
7,9,2015,611.80
8,9,2015,610.00
9,9,2015,602.40
10,9,2015,602.80
11,9,2015,598.80
14,9,2015,599.20
15,9,2015,600.50
16,9,2015,607.10
17,9,2015,607.00
18,9,2015,613.80
21,9,2015,609.10
22,9,2015,605.10
23,9,2015,611.10
24,9,2015,625.40
25,9,2015,621.10
28,9,2015,610.80
29,9,2015,610.40
30,9,2015,597.90
1,10,2015,599.90
2,10,2015,611.50
5,10,2015,608.50
6,10,2015,613.60
7,10,2015,608.40
8,10,2015,606.80
9,10,2015,609.70
12,10,2015,617.00
13,10,2015,620.80
14,10,2015,624.20
15,10,2015,627.60
16,10,2015,626.10
19,10,2015,622.60
20,10,2015,626.10
21,10,2015,621.90
22,10,2015,621.90
23,10,2015,616.40
26,10,2015,619.30
27,10,2015,619.20
28,10,2015,626.50
29,10,2015,612.80
30,10,2015,610.30
2,11,2015,608.10
3,11,2015,602.90
4,11,2015,596.90
5,11,2015,594.70
6,11,2015,585.70
9,11,2015,591.50
10,11,2015,590.40
11,11,2015,589.80
12,11,2015,590.60
13,11,2015,585.00
16,11,2015,585.40
17,11,2015,582.90
18,11,2015,579.00
19,11,2015,586.00
20,11,2015,585.30
23,11,2015,581.70
24,11,2015,584.00
25,11,2015,579.50
26,11,2015,583.30
27,11,2015,577.00
30,11,2015,578.70
1,12,2015,579.70
2,12,2015,574.90
3,12,2015,575.30
4,12,2015,589.20
7,12,2015,587.00
8,12,2015,585.60
9,12,2015,591.40
10,12,2015,584.80
11,12,2015,586.40
14,12,2015,586.10
15,12,2015,581.10
16,12,2015,587.10
17,12,2015,570.20
18,12,2015,577.00
21,12,2015,585.10
22,12,2015,583.00
23,12,2015,578.40
24,12,2015,578.40
25,12,2015,578.40
28,12,2015,578.20
29,12,2015,581.00
30,12,2015,575.40
31,12,2015,573.40
1,1,2016,573.40
4,1,2016,589.20
5,1,2016,586.60
6,1,2016,596.10
7,1,2016,605.20
8,1,2016,600.70
11,1,2016,601.00
12,1,2016,593.50
13,1,2016,594.50
14,1,2016,598.30
15,1,2016,605.00
18,1,2016,602.80
19,1,2016,600.80
20,1,2016,612.40
21,1,2016,609.30
22,1,2016,606.40
25,1,2016,613.30
26,1,2016,617.20
27,1,2016,621.00
28,1,2016,621.30
29,1,2016,617.00
1,2,2016,624.90
2,2,2016,627.20
3,2,2016,630.50
4,2,2016,639.70
5,2,2016,636.70
8,2,2016,662.80
9,2,2016,661.80
10,2,2016,660.10
11,2,2016,693.20
12,2,2016,691.40
15,2,2016,672.10
16,2,2016,676.40
17,2,2016,676.90
18,2,2016,677.80
19,2,2016,689.50
22,2,2016,678.90
23,2,2016,684.50
24,2,2016,701.20
25,2,2016,694.50
26,2,2016,689.20
29,2,2016,690.90
1,3,2016,686.70
2,3,2016,684.90
3,3,2016,688.50
4,3,2016,701.60
7,3,2016,696.30
8,3,2016,698.10
9,3,2016,684.90
10,3,2016,694.20
11,3,2016,694.00
14,3,2016,681.90
15,3,2016,678.80
16,3,2016,675.40
17,3,2016,690.60
18,3,2016,681.30
21,3,2016,676.70
22,3,2016,683.40
23,3,2016,664.00
24,3,2016,665.80
25,3,2016,665.80
28,3,2016,664.70
29,3,2016,666.50
30,3,2016,670.90
31,3,2016,669.80
1,4,2016,657.10
4,4,2016,660.60
5,4,2016,669.30
6,4,2016,666.00
7,4,2016,675.70
8,4,2016,674.30
11,4,2016,681.70
12,4,2016,681.70
13,4,2016,678.40
14,4,2016,671.90
15,4,2016,668.30
18,4,2016,671.70
19,4,2016,683.20
20,4,2016,677.80
21,4,2016,677.90
22,4,2016,676.30
25,4,2016,675.40
26,4,2016,675.40
27,4,2016,677.80
28,4,2016,683.20
29,4,2016,697.30
2,5,2016,698.20
3,5,2016,703.10
4,5,2016,698.80
5,5,2016,696.60
6,5,2016,701.80
9,5,2016,688.30
10,5,2016,688.00
11,5,2016,695.40
12,5,2016,697.10
13,5,2016,691.10
16,5,2016,702.40
17,5,2016,697.70
18,5,2016,697.10
19,5,2016,686.50
20,5,2016,691.90
23,5,2016,687.30
24,5,2016,684.30
25,5,2016,672.50
26,5,2016,671.90
27,5,2016,666.70
30,5,2016,668.40
31,5,2016,666.80
1,6,2016,669.50
2,6,2016,667.10
3,6,2016,682.80
6,6,2016,681.90
7,6,2016,677.40
8,6,2016,688.40
9,6,2016,689.90
10,6,2016,696.60
13,6,2016,702.70
14,6,2016,707.80
15,6,2016,704.30
16,6,2016,721.00
17,6,2016,708.00
20,6,2016,706.20
21,6,2016,702.60
22,6,2016,697.60
23,6,2016,694.30
24,6,2016,730.20
27,6,2016,736.10
28,6,2016,727.50
29,6,2016,731.50
30,6,2016,728.90
1,7,2016,737.90
4,7,2016,743.00
5,7,2016,745.20
6,7,2016,753.80
7,7,2016,747.60
8,7,2016,745.90
11,7,2016,745.30
12,7,2016,737.10
13,7,2016,736.10
14,7,2016,724.20
15,7,2016,727.60
18,7,2016,733.20
19,7,2016,730.70
20,7,2016,723.00
21,7,2016,725.90
22,7,2016,724.70
25,7,2016,722.80
26,7,2016,727.60
27,7,2016,729.70
28,7,2016,735.90
29,7,2016,735.00
1,8,2016,736.80
2,8,2016,744.20
3,8,2016,744.10
4,8,2016,745.90
5,8,2016,731.80
8,8,2016,730.50
9,8,2016,733.20
10,8,2016,734.90
11,8,2016,740.40
12,8,2016,739.20
15,8,2016,732.20
16,8,2016,733.70
17,8,2016,733.40
18,8,2016,737.50
19,8,2016,738.00
22,8,2016,733.90
23,8,2016,735.80
24,8,2016,728.30
25,8,2016,724.20
26,8,2016,723.00
29,8,2016,724.50
30,8,2016,722.70
31,8,2016,716.90
1,9,2016,717.30
2,9,2016,724.10
5,9,2016,725.00
6,9,2016,727.50
7,9,2016,731.80
8,9,2016,729.50
9,9,2016,726.20
12,9,2016,724.60
13,9,2016,724.10
14,9,2016,722.80
15,9,2016,717.80
16,9,2016,716.80
19,9,2016,720.00
20,9,2016,720.00
21,9,2016,726.60
22,9,2016,730.50
23,9,2016,729.50
26,9,2016,730.50
27,9,2016,721.20
28,9,2016,718.70
29,9,2016,720.80
30,9,2016,719.90
3,10,2016,714.50
4,10,2016,698.00
5,10,2016,690.70
6,10,2016,684.00
7,10,2016,686.70
10,10,2016,685.50
11,10,2016,682.20
12,10,2016,683.80
13,10,2016,689.90
14,10,2016,682.90
17,10,2016,685.80
18,10,2016,686.10
19,10,2016,692.10
20,10,2016,694.80
21,10,2016,692.30
24,10,2016,691.50
25,10,2016,693.80
26,10,2016,694.10
27,10,2016,692.20
28,10,2016,695.20
31,10,2016,694.60
1,11,2016,703.10
2,11,2016,711.70
3,11,2016,710.00
4,11,2016,711.00
7,11,2016,700.10
8,11,2016,698.60
9,11,2016,696.50
10,11,2016,690.10
11,11,2016,678.80
14,11,2016,666.30
15,11,2016,679.20
16,11,2016,681.90
17,11,2016,680.10
18,11,2016,674.80
21,11,2016,676.30
22,11,2016,675.80
23,11,2016,664.00
24,11,2016,666.70
25,11,2016,664.80
28,11,2016,667.20
29,11,2016,666.30
30,11,2016,659.30
1,12,2016,649.50
2,12,2016,654.80
5,12,2016,648.60
6,12,2016,651.10
7,12,2016,652.20
8,12,2016,644.80
9,12,2016,641.70
12,12,2016,637.60
13,12,2016,639.70
14,12,2016,641.80
15,12,2016,625.20
16,12,2016,626.90
19,12,2016,630.10
20,12,2016,626.20
21,12,2016,629.20
22,12,2016,629.20
23,12,2016,627.40
26,12,2016,627.40
27,12,2016,629.50
28,12,2016,632.50
29,12,2016,638.10
30,12,2016,635.90
2,1,2017,635.90
3,1,2017,643.10
4,1,2017,648.30
5,1,2017,654.00
6,1,2017,653.50
9,1,2017,657.50
10,1,2017,662.80
11,1,2017,658.40
12,1,2017,670.70
13,1,2017,663.80
16,1,2017,670.10
17,1,2017,676.00
18,1,2017,676.00
19,1,2017,666.60
20,1,2017,669.10
23,1,2017,676.10
24,1,2017,678.10
25,1,2017,665.20
26,1,2017,662.20
27,1,2017,659.40
30,1,2017,662.90
31,1,2017,672.80
1,2,2017,664.70
2,2,2017,673.50
3,2,2017,668.70
6,2,2017,674.10
7,2,2017,678.10
8,2,2017,682.90
9,2,2017,676.70
10,2,2017,671.20
13,2,2017,669.50
14,2,2017,673.70
15,2,2017,669.70
16,2,2017,680.10
17,2,2017,680.50
20,2,2017,677.00
21,2,2017,674.70
22,2,2017,677.20
23,2,2017,681.90
24,2,2017,685.00
27,2,2017,686.30
28,2,2017,685.00
1,3,2017,677.70
2,3,2017,675.20
3,3,2017,670.00
6,3,2017,671.50
7,3,2017,663.30
8,3,2017,659.60
9,3,2017,658.50
10,3,2017,654.60
13,3,2017,655.50
14,3,2017,649.30
15,3,2017,643.90
16,3,2017,658.00
17,3,2017,658.40
20,3,2017,658.50
21,3,2017,662.30
22,3,2017,668.40
23,3,2017,668.60
24,3,2017,667.20
27,3,2017,669.30
28,3,2017,669.20
29,3,2017,664.10
30,3,2017,662.90
31,3,2017,660.90
3,4,2017,663.30
4,4,2017,668.80
5,4,2017,661.20
6,4,2017,662.00
7,4,2017,664.90
10,4,2017,659.70
11,4,2017,660.50
12,4,2017,674.10
13,4,2017,676.30
14,4,2017,676.30
17,4,2017,676.50
18,4,2017,675.30
19,4,2017,675.30
20,4,2017,677.20
21,4,2017,676.90
24,4,2017,668.90
25,4,2017,666.30
26,4,2017,661.40
27,4,2017,662.20
28,4,2017,666.10
1,5,2017,666.10
2,5,2017,659.20
3,5,2017,655.70
4,5,2017,644.60
5,5,2017,646.20
8,5,2017,646.50
9,5,2017,645.30
10,5,2017,646.70
11,5,2017,643.90
12,5,2017,647.70
15,5,2017,646.60
16,5,2017,646.70
17,5,2017,659.50
18,5,2017,665.90
19,5,2017,661.90
22,5,2017,664.30
23,5,2017,667.90
24,5,2017,663.30
25,5,2017,664.10
26,5,2017,666.40
29,5,2017,667.10
30,5,2017,667.30
31,5,2017,668.00
1,6,2017,667.50
2,6,2017,672.00
5,6,2017,673.50
6,6,2017,681.40
7,6,2017,678.90
8,6,2017,669.50
9,6,2017,665.50
12,6,2017,667.40
13,6,2017,664.30
14,6,2017,670.40
15,6,2017,661.00
16,6,2017,661.30
19,6,2017,657.30
20,6,2017,654.80
21,6,2017,655.40
22,6,2017,660.20
23,6,2017,662.30
26,6,2017,656.80
27,6,2017,658.90
28,6,2017,658.90
29,6,2017,656.70
30,6,2017,656.50
3,7,2017,651.90
4,7,2017,647.50
5,7,2017,646.50
6,7,2017,648.60
7,7,2017,642.10
10,7,2017,639.50
11,7,2017,639.40
12,7,2017,643.30
13,7,2017,642.20
14,7,2017,648.40
17,7,2017,649.50
18,7,2017,652.70
19,7,2017,653.30
20,7,2017,652.60
21,7,2017,656.70
24,7,2017,660.40
25,7,2017,660.30
26,7,2017,656.80
27,7,2017,661.00
28,7,2017,663.70
31,7,2017,664.90
1,8,2017,665.80
2,8,2017,660.50
3,8,2017,660.20
4,8,2017,654.30
7,8,2017,656.50
8,8,2017,656.60
9,8,2017,663.50
10,8,2017,672.70
11,8,2017,674.40
14,8,2017,672.20
15,8,2017,666.00
16,8,2017,667.70
17,8,2017,674.20
18,8,2017,679.40
21,8,2017,677.80
22,8,2017,673.40
23,8,2017,674.60
24,8,2017,674.90
25,8,2017,673.00
28,8,2017,671.60
29,8,2017,690.30
30,8,2017,684.30
31,8,2017,685.60
1,9,2017,691.20
4,9,2017,698.30
5,9,2017,700.20
6,9,2017,701.40
7,9,2017,703.50
8,9,2017,702.70
11,9,2017,697.20
12,9,2017,694.50
13,9,2017,694.70
14,9,2017,694.10
15,9,2017,693.50
18,9,2017,687.90
19,9,2017,688.60
20,9,2017,689.10
21,9,2017,684.60
22,9,2017,685.90
25,9,2017,688.70
26,9,2017,695.00
27,9,2017,688.90
28,9,2017,687.60
29,9,2017,685.30
2,10,2017,680.30
3,10,2017,680.60
4,10,2017,677.10
5,10,2017,678.20
6,10,2017,674.10
9,10,2017,683.50
10,10,2017,689.00
11,10,2017,686.90
12,10,2017,686.70
13,10,2017,689.80
16,10,2017,690.00
17,10,2017,682.10
18,10,2017,681.60
19,10,2017,684.90
20,10,2017,682.10
23,10,2017,677.60
24,10,2017,679.10
25,10,2017,677.10
26,10,2017,675.10
27,10,2017,673.40
30,10,2017,674.40
31,10,2017,672.70
1,11,2017,674.40
2,11,2017,676.30
3,11,2017,669.20
6,11,2017,672.30
7,11,2017,678.10
8,11,2017,682.10
9,11,2017,682.50
10,11,2017,684.00
13,11,2017,683.60
14,11,2017,681.60
15,11,2017,683.90
16,11,2017,683.10
17,11,2017,683.20
20,11,2017,684.60
21,11,2017,681.10
22,11,2017,683.30
23,11,2017,682.10
24,11,2017,682.60
27,11,2017,683.50
28,11,2017,680.50
29,11,2017,675.60
30,11,2017,674.90
1,12,2017,672.50
4,12,2017,670.50
5,12,2017,666.70
6,12,2017,666.70
7,12,2017,662.70
8,12,2017,659.20
11,12,2017,656.30
12,12,2017,653.50
13,12,2017,654.80
14,12,2017,658.10
15,12,2017,657.60
18,12,2017,661.70
19,12,2017,660.30
20,12,2017,662.60
21,12,2017,662.50
22,12,2017,662.50
25,12,2017,662.50
26,12,2017,662.90
27,12,2017,671.20
28,12,2017,676.70
29,12,2017,673.70
1,1,2018,673.70
2,1,2018,680.60
3,1,2018,683.10
4,1,2018,681.40
5,1,2018,682.40
8,1,2018,684.20
9,1,2018,682.70
10,1,2018,686.40
11,1,2018,688.70
12,1,2018,690.20
15,1,2018,694.90
16,1,2018,698.50
17,1,2018,697.40
18,1,2018,695.40
19,1,2018,696.20
22,1,2018,695.70
23,1,2018,695.50
24,1,2018,704.80
25,1,2018,704.40
26,1,2018,703.50
29,1,2018,698.20
30,1,2018,699.80
31,1,2018,699.50
1,2,2018,700.20
2,2,2018,697.30
5,2,2018,698.40
6,2,2018,698.90
7,2,2018,696.20
8,2,2018,691.20
9,2,2018,692.20
12,2,2018,695.40
13,2,2018,697.00
14,2,2018,700.00
15,2,2018,707.00
16,2,2018,709.50
19,2,2018,706.60
20,2,2018,709.80
21,2,2018,704.40
22,2,2018,706.10
23,2,2018,702.60
26,2,2018,705.50
27,2,2018,703.20
28,2,2018,702.00
1,3,2018,697.40
2,3,2018,705.20
5,3,2018,703.00
6,3,2018,708.50
7,3,2018,705.30
8,3,2018,703.00
9,3,2018,703.60
12,3,2018,701.40
13,3,2018,701.70
14,3,2018,701.70
15,3,2018,700.00
16,3,2018,696.10
19,3,2018,698.70
20,3,2018,698.90
21,3,2018,704.50
22,3,2018,707.80
23,3,2018,715.90
26,3,2018,717.40
27,3,2018,712.40
28,3,2018,710.60
29,3,2018,706.00
30,3,2018,706.00
2,4,2018,706.00
3,4,2018,709.00
4,4,2018,712.50
5,4,2018,705.70
6,4,2018,707.30
9,4,2018,708.00
10,4,2018,711.70
11,4,2018,720.30
12,4,2018,716.10
13,4,2018,716.50
16,4,2018,722.30
17,4,2018,720.60
18,4,2018,725.10
19,4,2018,725.00
20,4,2018,721.80
23,4,2018,719.60
24,4,2018,720.90
25,4,2018,722.60
26,4,2018,720.90
27,4,2018,721.10
30,4,2018,716.60
1,5,2018,713.30
2,5,2018,710.90
3,5,2018,716.20
4,5,2018,716.20
7,5,2018,719.10
8,5,2018,716.70
9,5,2018,722.80
10,5,2018,725.60
11,5,2018,728.70
14,5,2018,729.40
15,5,2018,719.90
16,5,2018,716.10
17,5,2018,713.70
18,5,2018,716.60
21,5,2018,717.60
22,5,2018,719.60
23,5,2018,720.90
24,5,2018,729.00
25,5,2018,722.50
28,5,2018,718.10
29,5,2018,719.20
30,5,2018,717.70
31,5,2018,720.20
1,6,2018,710.10
4,6,2018,711.20
5,6,2018,709.70
6,6,2018,711.90
7,6,2018,711.70
8,6,2018,718.40
11,6,2018,716.40
12,6,2018,716.60
13,6,2018,716.80
14,6,2018,720.80
15,6,2018,714.50
18,6,2018,713.00
19,6,2018,712.50
20,6,2018,709.30
21,6,2018,704.80
22,6,2018,704.00
25,6,2018,707.00
26,6,2018,702.50
27,6,2018,703.80
28,6,2018,703.30
29,6,2018,700.50
2,7,2018,701.30
3,7,2018,702.20
4,7,2018,705.80
5,7,2018,707.80
6,7,2018,707.20
9,7,2018,709.40
10,7,2018,705.70
11,7,2018,704.10
12,7,2018,698.20
13,7,2018,695.20
16,7,2018,696.50
17,7,2018,689.90
18,7,2018,687.20
19,7,2018,686.90
20,7,2018,692.40
23,7,2018,689.40
24,7,2018,691.60
25,7,2018,692.20
26,7,2018,689.80
27,7,2018,687.70
30,7,2018,687.00
31,7,2018,684.70
1,8,2018,682.30
2,8,2018,682.30
3,8,2018,684.00
6,8,2018,680.80
7,8,2018,680.70
8,8,2018,678.90
9,8,2018,681.70
10,8,2018,683.80
13,8,2018,685.50
14,8,2018,683.90
15,8,2018,675.30
16,8,2018,678.50
17,8,2018,677.30
20,8,2018,676.10
21,8,2018,680.10
22,8,2018,683.30
23,8,2018,683.60
24,8,2018,685.10
27,8,2018,687.00
28,8,2018,695.40
29,8,2018,694.90
30,8,2018,693.00
31,8,2018,697.30
3,9,2018,697.30
4,9,2018,695.90
5,9,2018,701.30
6,9,2018,708.60
7,9,2018,702.60
10,9,2018,708.40
11,9,2018,707.20
12,9,2018,705.60
13,9,2018,714.00
14,9,2018,706.00
17,9,2018,711.80
18,9,2018,713.70
19,9,2018,713.50
20,9,2018,716.50
21,9,2018,706.50
24,9,2018,713.80
25,9,2018,713.90
26,9,2018,708.50
27,9,2018,703.50
28,9,2018,703.70
1,10,2018,708.60
2,10,2018,717.70
3,10,2018,719.30
4,10,2018,725.10
5,10,2018,726.90
8,10,2018,718.70
9,10,2018,720.80
10,10,2018,720.90
11,10,2018,730.40
12,10,2018,734.30
15,10,2018,742.50
16,10,2018,740.60
17,10,2018,739.90
18,10,2018,736.20
19,10,2018,737.00
22,10,2018,734.20
23,10,2018,743.30
24,10,2018,736.60
25,10,2018,737.00
26,10,2018,740.20
29,10,2018,739.50
30,10,2018,738.40
31,10,2018,734.60
1,11,2018,740.30
2,11,2018,730.30
5,11,2018,736.70
6,11,2018,735.70
7,11,2018,734.70
8,11,2018,731.30
9,11,2018,717.90
12,11,2018,718.90
13,11,2018,714.20
14,11,2018,711.30
15,11,2018,713.20
16,11,2018,718.10
19,11,2018,715.10
20,11,2018,714.80
21,11,2018,716.60
22,11,2018,711.70
23,11,2018,709.70
26,11,2018,708.40
27,11,2018,706.70
28,11,2018,700.70
29,11,2018,700.20
30,11,2018,693.80
3,12,2018,707.90
4,12,2018,715.40
5,12,2018,712.80
6,12,2018,719.70
7,12,2018,719.40
10,12,2018,727.00
11,12,2018,731.60
12,12,2018,733.00
13,12,2018,728.40
14,12,2018,725.90
17,12,2018,726.70
18,12,2018,721.80
19,12,2018,722.50
20,12,2018,719.70
21,12,2018,720.00
24,12,2018,721.40
25,12,2018,721.40
26,12,2018,721.50
27,12,2018,729.30
28,12,2018,732.60
31,12,2018,730.10
1,1,2019,730.10
2,1,2019,735.50
3,1,2019,739.60
4,1,2019,729.90
7,1,2019,736.30
8,1,2019,738.30
9,1,2019,743.10
10,1,2019,744.20
11,1,2019,742.80
14,1,2019,748.50
15,1,2019,751.60
16,1,2019,752.40
17,1,2019,749.30
18,1,2019,746.90
21,1,2019,745.00
22,1,2019,748.70
23,1,2019,746.60
24,1,2019,747.00
25,1,2019,753.60
28,1,2019,757.40
29,1,2019,760.20
30,1,2019,762.60
31,1,2019,769.50
1,2,2019,768.60
4,2,2019,769.80
5,2,2019,769.20
6,2,2019,767.80
7,2,2019,764.70
8,2,2019,766.50
11,2,2019,760.10
12,2,2019,758.20
13,2,2019,760.10
14,2,2019,762.40
15,2,2019,767.20
18,2,2019,773.20
19,2,2019,778.30
20,2,2019,781.70
21,2,2019,774.70
22,2,2019,773.50
25,2,2019,772.60
26,2,2019,769.90
27,2,2019,770.30
28,2,2019,767.20
1,3,2019,760.20
4,3,2019,744.80
5,3,2019,739.90
6,3,2019,739.80
7,3,2019,736.10
8,3,2019,743.60
11,3,2019,739.00
12,3,2019,739.40
13,3,2019,742.80
14,3,2019,735.50
15,3,2019,737.00
18,3,2019,731.90
19,3,2019,737.90
20,3,2019,733.90
21,3,2019,737.20
22,3,2019,739.40
25,3,2019,743.70
26,3,2019,741.00
27,3,2019,737.60
28,3,2019,732.30
29,3,2019,733.70
1,4,2019,732.70
2,4,2019,725.20
3,4,2019,722.00
4,4,2019,725.70
5,4,2019,729.30
8,4,2019,740.60
9,4,2019,738.40
10,4,2019,737.70
11,4,2019,731.80
12,4,2019,732.00
15,4,2019,729.70
16,4,2019,726.40
17,4,2019,726.10
18,4,2019,723.30
19,4,2019,723.30
22,4,2019,726.60
23,4,2019,722.60
24,4,2019,726.40
25,4,2019,735.80
26,4,2019,735.20
29,4,2019,732.50
30,4,2019,729.20
1,5,2019,730.10
2,5,2019,720.80
3,5,2019,723.70
6,5,2019,725.50
7,5,2019,727.30
8,5,2019,732.60
9,5,2019,735.40
10,5,2019,735.60
13,5,2019,747.10
14,5,2019,748.00
15,5,2019,747.10
16,5,2019,739.60
17,5,2019,735.50
20,5,2019,728.10
21,5,2019,724.70
22,5,2019,725.60
23,5,2019,734.90
24,5,2019,729.10
27,5,2019,728.90
28,5,2019,728.30
29,5,2019,731.80
30,5,2019,731.80
31,5,2019,738.20
3,6,2019,745.90
4,6,2019,749.90
5,6,2019,756.00
6,6,2019,756.60
7,6,2019,761.50
10,6,2019,756.70
11,6,2019,752.00
12,6,2019,755.50
13,6,2019,759.20
14,6,2019,771.20
17,6,2019,766.60
18,6,2019,764.50
19,6,2019,765.80
20,6,2019,783.30
21,6,2019,794.70
24,6,2019,797.10
25,6,2019,811.70
26,6,2019,793.90
27,6,2019,792.10
28,6,2019,795.20
1,7,2019,783.70
2,7,2019,784.20
3,7,2019,796.30
4,7,2019,792.50
5,7,2019,776.80
8,7,2019,786.00
9,7,2019,780.00
10,7,2019,789.70
11,7,2019,791.50
12,7,2019,790.50
15,7,2019,791.60
16,7,2019,792.10
17,7,2019,793.70
18,7,2019,799.20
19,7,2019,810.00
22,7,2019,804.60
23,7,2019,803.60
24,7,2019,804.90
25,7,2019,799.40
26,7,2019,800.20
29,7,2019,797.50
30,7,2019,802.70
31,7,2019,802.90
1,8,2019,794.40
2,8,2019,820.30
5,8,2019,847.20
6,8,2019,848.50
7,8,2019,872.60
8,8,2019,864.60
9,8,2019,866.70
12,8,2019,870.70
13,8,2019,874.50
14,8,2019,881.90
15,8,2019,883.30
16,8,2019,881.60
19,8,2019,874.00
20,8,2019,882.10
21,8,2019,879.40
22,8,2019,882.00
23,8,2019,881.10
26,8,2019,885.50
27,8,2019,896.00
28,8,2019,902.10
29,8,2019,903.80
30,8,2019,892.40
2,9,2019,890.90
3,9,2019,910.20
4,9,2019,911.80
5,9,2019,898.10
6,9,2019,893.50
9,9,2019,884.80
10,9,2019,878.40
11,9,2019,873.40
12,9,2019,881.30
13,9,2019,871.70
16,9,2019,876.50
17,9,2019,881.60
18,9,2019,875.80
19,9,2019,875.20
20,9,2019,871.30
23,9,2019,882.80
24,9,2019,883.10
25,9,2019,887.90
26,9,2019,873.10
27,9,2019,859.60
30,9,2019,860.70
1,10,2019,856.20
2,10,2019,867.70
3,10,2019,879.10
4,10,2019,868.80
7,10,2019,871.80
8,10,2019,874.50
9,10,2019,875.90
10,10,2019,868.60
11,10,2019,859.00
14,10,2019,867.90
15,10,2019,870.20
16,10,2019,867.50
17,10,2019,868.70
18,10,2019,866.80
21,10,2019,868.10
22,10,2019,861.60
23,10,2019,866.50
24,10,2019,869.20
25,10,2019,877.40
28,10,2019,865.20
29,10,2019,861.20
30,10,2019,865.00
31,10,2019,876.30
1,11,2019,873.70
4,11,2019,873.40
5,11,2019,860.60
6,11,2019,862.50
7,11,2019,861.20
8,11,2019,853.20
11,11,2019,852.30
12,11,2019,848.40
13,11,2019,862.30
14,11,2019,863.00
15,11,2019,861.00
18,11,2019,862.10
19,11,2019,861.00
20,11,2019,864.10
21,11,2019,860.90
22,11,2019,858.80
25,11,2019,855.30
26,11,2019,850.30
27,11,2019,848.50
28,11,2019,851.80
29,11,2019,856.50
2,12,2019,856.10
3,12,2019,865.70
4,12,2019,862.70
5,12,2019,860.30
6,12,2019,849.80
9,12,2019,849.10
10,12,2019,849.50
11,12,2019,849.60
12,12,2019,850.10
13,12,2019,849.30
16,12,2019,858.10
17,12,2019,856.50
18,12,2019,855.40
19,12,2019,857.60
20,12,2019,860.00
23,12,2019,862.60
24,12,2019,863.60
25,12,2019,863.60
26,12,2019,864.20
27,12,2019,881.80
30,12,2019,883.30
31,12,2019,884.00
1,1,2020,884.00
2,1,2020,891.10
3,1,2020,909.10
6,1,2020,925.30
7,1,2020,920.70
8,1,2020,921.60
9,1,2020,902.90
10,1,2020,901.20
13,1,2020,897.90
14,1,2020,895.40
15,1,2020,896.90
16,1,2020,901.60
17,1,2020,905.30
20,1,2020,907.10
21,1,2020,903.20
22,1,2020,906.30
23,1,2020,910.80
24,1,2020,912.30
27,1,2020,923.00
28,1,2020,918.10
29,1,2020,916.80
30,1,2020,922.50
31,1,2020,924.30
3,2,2020,918.50
4,2,2020,908.10
5,2,2020,904.50
6,2,2020,910.00
7,2,2020,918.00
10,2,2020,917.00
11,2,2020,915.30
12,2,2020,912.10
13,2,2020,918.50
14,2,2020,922.70
17,2,2020,921.50
18,2,2020,930.20
19,2,2020,938.60
20,2,2020,948.40
21,2,2020,962.60
24,2,2020,984.10
25,2,2020,969.90
26,2,2020,957.90
27,2,2020,966.80
28,2,2020,949.90
2,3,2020,951.10
3,3,2020,968.20
4,3,2020,983.00
5,3,2020,994.70
6,3,2020,1015.40
9,3,2020,1013.10
10,3,2020,1003.00
11,3,2020,995.70
12,3,2020,953.10
13,3,2020,944.50
16,3,2020,903.40
17,3,2020,932.60
18,3,2020,909.70
19,3,2020,903.90
20,3,2020,918.80
23,3,2020,955.60
24,3,2020,996.50
25,3,2020,996.30
26,3,2020,1004.50
27,3,2020,989.70
30,3,2020,1000.60
31,3,2020,995.20
1,4,2020,975.20
2,4,2020,1000.10
3,4,2020,1004.60
6,4,2020,1026.60
7,4,2020,1019.90
8,4,2020,1028.50
9,4,2020,1048.40
10,4,2020,1048.40
13,4,2020,1048.10
14,4,2020,1086.30
15,4,2020,1074.10
16,4,2020,1086.90
17,4,2020,1056.90
20,4,2020,1055.20
21,4,2020,1056.70
22,4,2020,1072.50
23,4,2020,1079.80
24,4,2020,1072.70
27,4,2020,1069.10
28,4,2020,1053.70
29,4,2020,1054.00
30,4,2020,1045.50
1,5,2020,1035.40
4,5,2020,1058.10
5,5,2020,1051.00
6,5,2020,1047.80
7,5,2020,1055.60
8,5,2020,1052.70